timestep_1,timestep_2,timestep_3,timestep_4,timestep_5,timestep_6,timestep_7
40th,2040,,,,,
,all,m01,w01,d001,hh0001,h0001
,all,m01,w01,d001,hh0001,h0002
,all,m01,w01,d001,hh0001,h0003
,all,m01,w01,d001,hh0001,h0004
,all,m01,w01,d001,hh0002,h0005
,all,m01,w01,d001,hh0002,h0006
,all,m01,w01,d001,hh0002,h0007
,all,m01,w01,d001,hh0002,h0008
,all,m01,w01,d001,hh0003,h0009
,all,m01,w01,d001,hh0003,h0010
,all,m01,w01,d001,hh0003,h0011
,all,m01,w01,d001,hh0003,h0012
,all,m01,w01,d001,hh0004,h0013
,all,m01,w01,d001,hh0004,h0014
,all,m01,w01,d001,hh0004,h0015
,all,m01,w01,d001,hh0004,h0016
,all,m01,w01,d001,hh0005,h0017
,all,m01,w01,d001,hh0005,h0018
,all,m01,w01,d001,hh0005,h0019
,all,m01,w01,d001,hh0005,h0020
,all,m01,w01,d001,hh0006,h0021
,all,m01,w01,d001,hh0006,h0022
,all,m01,w01,d001,hh0006,h0023
,all,m01,w01,d001,hh0006,h0024
,all,m01,w01,d002,hh0007,h0025
,all,m01,w01,d002,hh0007,h0026
,all,m01,w01,d002,hh0007,h0027
,all,m01,w01,d002,hh0007,h0028
,all,m01,w01,d002,hh0008,h0029
,all,m01,w01,d002,hh0008,h0030
,all,m01,w01,d002,hh0008,h0031
,all,m01,w01,d002,hh0008,h0032
,all,m01,w01,d002,hh0009,h0033
,all,m01,w01,d002,hh0009,h0034
,all,m01,w01,d002,hh0009,h0035
,all,m01,w01,d002,hh0009,h0036
,all,m01,w01,d002,hh0010,h0037
,all,m01,w01,d002,hh0010,h0038
,all,m01,w01,d002,hh0010,h0039
,all,m01,w01,d002,hh0010,h0040
,all,m01,w01,d002,hh0011,h0041
,all,m01,w01,d002,hh0011,h0042
,all,m01,w01,d002,hh0011,h0043
,all,m01,w01,d002,hh0011,h0044
,all,m01,w01,d002,hh0012,h0045
,all,m01,w01,d002,hh0012,h0046
,all,m01,w01,d002,hh0012,h0047
,all,m01,w01,d002,hh0012,h0048
,all,m01,w01,d003,hh0013,h0049
,all,m01,w01,d003,hh0013,h0050
,all,m01,w01,d003,hh0013,h0051
,all,m01,w01,d003,hh0013,h0052
,all,m01,w01,d003,hh0014,h0053
,all,m01,w01,d003,hh0014,h0054
,all,m01,w01,d003,hh0014,h0055
,all,m01,w01,d003,hh0014,h0056
,all,m01,w01,d003,hh0015,h0057
,all,m01,w01,d003,hh0015,h0058
,all,m01,w01,d003,hh0015,h0059
,all,m01,w01,d003,hh0015,h0060
,all,m01,w01,d003,hh0016,h0061
,all,m01,w01,d003,hh0016,h0062
,all,m01,w01,d003,hh0016,h0063
,all,m01,w01,d003,hh0016,h0064
,all,m01,w01,d003,hh0017,h0065
,all,m01,w01,d003,hh0017,h0066
,all,m01,w01,d003,hh0017,h0067
,all,m01,w01,d003,hh0017,h0068
,all,m01,w01,d003,hh0018,h0069
,all,m01,w01,d003,hh0018,h0070
,all,m01,w01,d003,hh0018,h0071
,all,m01,w01,d003,hh0018,h0072
,all,m01,w01,d004,hh0019,h0073
,all,m01,w01,d004,hh0019,h0074
,all,m01,w01,d004,hh0019,h0075
,all,m01,w01,d004,hh0019,h0076
,all,m01,w01,d004,hh0020,h0077
,all,m01,w01,d004,hh0020,h0078
,all,m01,w01,d004,hh0020,h0079
,all,m01,w01,d004,hh0020,h0080
,all,m01,w01,d004,hh0021,h0081
,all,m01,w01,d004,hh0021,h0082
,all,m01,w01,d004,hh0021,h0083
,all,m01,w01,d004,hh0021,h0084
,all,m01,w01,d004,hh0022,h0085
,all,m01,w01,d004,hh0022,h0086
,all,m01,w01,d004,hh0022,h0087
,all,m01,w01,d004,hh0022,h0088
,all,m01,w01,d004,hh0023,h0089
,all,m01,w01,d004,hh0023,h0090
,all,m01,w01,d004,hh0023,h0091
,all,m01,w01,d004,hh0023,h0092
,all,m01,w01,d004,hh0024,h0093
,all,m01,w01,d004,hh0024,h0094
,all,m01,w01,d004,hh0024,h0095
,all,m01,w01,d004,hh0024,h0096
,all,m01,w01,d005,hh0025,h0097
,all,m01,w01,d005,hh0025,h0098
,all,m01,w01,d005,hh0025,h0099
,all,m01,w01,d005,hh0025,h0100
,all,m01,w01,d005,hh0026,h0101
,all,m01,w01,d005,hh0026,h0102
,all,m01,w01,d005,hh0026,h0103
,all,m01,w01,d005,hh0026,h0104
,all,m01,w01,d005,hh0027,h0105
,all,m01,w01,d005,hh0027,h0106
,all,m01,w01,d005,hh0027,h0107
,all,m01,w01,d005,hh0027,h0108
,all,m01,w01,d005,hh0028,h0109
,all,m01,w01,d005,hh0028,h0110
,all,m01,w01,d005,hh0028,h0111
,all,m01,w01,d005,hh0028,h0112
,all,m01,w01,d005,hh0029,h0113
,all,m01,w01,d005,hh0029,h0114
,all,m01,w01,d005,hh0029,h0115
,all,m01,w01,d005,hh0029,h0116
,all,m01,w01,d005,hh0030,h0117
,all,m01,w01,d005,hh0030,h0118
,all,m01,w01,d005,hh0030,h0119
,all,m01,w01,d005,hh0030,h0120
,all,m01,w01,d006,hh0031,h0121
,all,m01,w01,d006,hh0031,h0122
,all,m01,w01,d006,hh0031,h0123
,all,m01,w01,d006,hh0031,h0124
,all,m01,w01,d006,hh0032,h0125
,all,m01,w01,d006,hh0032,h0126
,all,m01,w01,d006,hh0032,h0127
,all,m01,w01,d006,hh0032,h0128
,all,m01,w01,d006,hh0033,h0129
,all,m01,w01,d006,hh0033,h0130
,all,m01,w01,d006,hh0033,h0131
,all,m01,w01,d006,hh0033,h0132
,all,m01,w01,d006,hh0034,h0133
,all,m01,w01,d006,hh0034,h0134
,all,m01,w01,d006,hh0034,h0135
,all,m01,w01,d006,hh0034,h0136
,all,m01,w01,d006,hh0035,h0137
,all,m01,w01,d006,hh0035,h0138
,all,m01,w01,d006,hh0035,h0139
,all,m01,w01,d006,hh0035,h0140
,all,m01,w01,d006,hh0036,h0141
,all,m01,w01,d006,hh0036,h0142
,all,m01,w01,d006,hh0036,h0143
,all,m01,w01,d006,hh0036,h0144
,all,m01,w01,d007,hh0037,h0145
,all,m01,w02,d007,hh0037,h0146
,all,m01,w02,d007,hh0037,h0147
,all,m01,w02,d007,hh0037,h0148
,all,m01,w02,d007,hh0038,h0149
,all,m01,w02,d007,hh0038,h0150
,all,m01,w02,d007,hh0038,h0151
,all,m01,w02,d007,hh0038,h0152
,all,m01,w02,d007,hh0039,h0153
,all,m01,w02,d007,hh0039,h0154
,all,m01,w02,d007,hh0039,h0155
,all,m01,w02,d007,hh0039,h0156
,all,m01,w02,d007,hh0040,h0157
,all,m01,w02,d007,hh0040,h0158
,all,m01,w02,d007,hh0040,h0159
,all,m01,w02,d007,hh0040,h0160
,all,m01,w02,d007,hh0041,h0161
,all,m01,w02,d007,hh0041,h0162
,all,m01,w02,d007,hh0041,h0163
,all,m01,w02,d007,hh0041,h0164
,all,m01,w02,d007,hh0042,h0165
,all,m01,w02,d007,hh0042,h0166
,all,m01,w02,d007,hh0042,h0167
,all,m01,w02,d007,hh0042,h0168
,all,m01,w02,d008,hh0043,h0169
,all,m01,w02,d008,hh0043,h0170
,all,m01,w02,d008,hh0043,h0171
,all,m01,w02,d008,hh0043,h0172
,all,m01,w02,d008,hh0044,h0173
,all,m01,w02,d008,hh0044,h0174
,all,m01,w02,d008,hh0044,h0175
,all,m01,w02,d008,hh0044,h0176
,all,m01,w02,d008,hh0045,h0177
,all,m01,w02,d008,hh0045,h0178
,all,m01,w02,d008,hh0045,h0179
,all,m01,w02,d008,hh0045,h0180
,all,m01,w02,d008,hh0046,h0181
,all,m01,w02,d008,hh0046,h0182
,all,m01,w02,d008,hh0046,h0183
,all,m01,w02,d008,hh0046,h0184
,all,m01,w02,d008,hh0047,h0185
,all,m01,w02,d008,hh0047,h0186
,all,m01,w02,d008,hh0047,h0187
,all,m01,w02,d008,hh0047,h0188
,all,m01,w02,d008,hh0048,h0189
,all,m01,w02,d008,hh0048,h0190
,all,m01,w02,d008,hh0048,h0191
,all,m01,w02,d008,hh0048,h0192
,all,m01,w02,d009,hh0049,h0193
,all,m01,w02,d009,hh0049,h0194
,all,m01,w02,d009,hh0049,h0195
,all,m01,w02,d009,hh0049,h0196
,all,m01,w02,d009,hh0050,h0197
,all,m01,w02,d009,hh0050,h0198
,all,m01,w02,d009,hh0050,h0199
,all,m01,w02,d009,hh0050,h0200
,all,m01,w02,d009,hh0051,h0201
,all,m01,w02,d009,hh0051,h0202
,all,m01,w02,d009,hh0051,h0203
,all,m01,w02,d009,hh0051,h0204
,all,m01,w02,d009,hh0052,h0205
,all,m01,w02,d009,hh0052,h0206
,all,m01,w02,d009,hh0052,h0207
,all,m01,w02,d009,hh0052,h0208
,all,m01,w02,d009,hh0053,h0209
,all,m01,w02,d009,hh0053,h0210
,all,m01,w02,d009,hh0053,h0211
,all,m01,w02,d009,hh0053,h0212
,all,m01,w02,d009,hh0054,h0213
,all,m01,w02,d009,hh0054,h0214
,all,m01,w02,d009,hh0054,h0215
,all,m01,w02,d009,hh0054,h0216
,all,m01,w02,d010,hh0055,h0217
,all,m01,w02,d010,hh0055,h0218
,all,m01,w02,d010,hh0055,h0219
,all,m01,w02,d010,hh0055,h0220
,all,m01,w02,d010,hh0056,h0221
,all,m01,w02,d010,hh0056,h0222
,all,m01,w02,d010,hh0056,h0223
,all,m01,w02,d010,hh0056,h0224
,all,m01,w02,d010,hh0057,h0225
,all,m01,w02,d010,hh0057,h0226
,all,m01,w02,d010,hh0057,h0227
,all,m01,w02,d010,hh0057,h0228
,all,m01,w02,d010,hh0058,h0229
,all,m01,w02,d010,hh0058,h0230
,all,m01,w02,d010,hh0058,h0231
,all,m01,w02,d010,hh0058,h0232
,all,m01,w02,d010,hh0059,h0233
,all,m01,w02,d010,hh0059,h0234
,all,m01,w02,d010,hh0059,h0235
,all,m01,w02,d010,hh0059,h0236
,all,m01,w02,d010,hh0060,h0237
,all,m01,w02,d010,hh0060,h0238
,all,m01,w02,d010,hh0060,h0239
,all,m01,w02,d010,hh0060,h0240
,all,m01,w02,d011,hh0061,h0241
,all,m01,w02,d011,hh0061,h0242
,all,m01,w02,d011,hh0061,h0243
,all,m01,w02,d011,hh0061,h0244
,all,m01,w02,d011,hh0062,h0245
,all,m01,w02,d011,hh0062,h0246
,all,m01,w02,d011,hh0062,h0247
,all,m01,w02,d011,hh0062,h0248
,all,m01,w02,d011,hh0063,h0249
,all,m01,w02,d011,hh0063,h0250
,all,m01,w02,d011,hh0063,h0251
,all,m01,w02,d011,hh0063,h0252
,all,m01,w02,d011,hh0064,h0253
,all,m01,w02,d011,hh0064,h0254
,all,m01,w02,d011,hh0064,h0255
,all,m01,w02,d011,hh0064,h0256
,all,m01,w02,d011,hh0065,h0257
,all,m01,w02,d011,hh0065,h0258
,all,m01,w02,d011,hh0065,h0259
,all,m01,w02,d011,hh0065,h0260
,all,m01,w02,d011,hh0066,h0261
,all,m01,w02,d011,hh0066,h0262
,all,m01,w02,d011,hh0066,h0263
,all,m01,w02,d011,hh0066,h0264
,all,m01,w02,d012,hh0067,h0265
,all,m01,w02,d012,hh0067,h0266
,all,m01,w02,d012,hh0067,h0267
,all,m01,w02,d012,hh0067,h0268
,all,m01,w02,d012,hh0068,h0269
,all,m01,w02,d012,hh0068,h0270
,all,m01,w02,d012,hh0068,h0271
,all,m01,w02,d012,hh0068,h0272
,all,m01,w02,d012,hh0069,h0273
,all,m01,w02,d012,hh0069,h0274
,all,m01,w02,d012,hh0069,h0275
,all,m01,w02,d012,hh0069,h0276
,all,m01,w02,d012,hh0070,h0277
,all,m01,w02,d012,hh0070,h0278
,all,m01,w02,d012,hh0070,h0279
,all,m01,w02,d012,hh0070,h0280
,all,m01,w02,d012,hh0071,h0281
,all,m01,w02,d012,hh0071,h0282
,all,m01,w02,d012,hh0071,h0283
,all,m01,w02,d012,hh0071,h0284
,all,m01,w02,d012,hh0072,h0285
,all,m01,w02,d012,hh0072,h0286
,all,m01,w02,d012,hh0072,h0287
,all,m01,w02,d012,hh0072,h0288
,all,m01,w02,d013,hh0073,h0289
,all,m01,w02,d013,hh0073,h0290
,all,m01,w02,d013,hh0073,h0291
,all,m01,w02,d013,hh0073,h0292
,all,m01,w02,d013,hh0074,h0293
,all,m01,w02,d013,hh0074,h0294
,all,m01,w02,d013,hh0074,h0295
,all,m01,w02,d013,hh0074,h0296
,all,m01,w02,d013,hh0075,h0297
,all,m01,w02,d013,hh0075,h0298
,all,m01,w02,d013,hh0075,h0299
,all,m01,w02,d013,hh0075,h0300
,all,m01,w02,d013,hh0076,h0301
,all,m01,w02,d013,hh0076,h0302
,all,m01,w02,d013,hh0076,h0303
,all,m01,w02,d013,hh0076,h0304
,all,m01,w02,d013,hh0077,h0305
,all,m01,w02,d013,hh0077,h0306
,all,m01,w02,d013,hh0077,h0307
,all,m01,w02,d013,hh0077,h0308
,all,m01,w02,d013,hh0078,h0309
,all,m01,w02,d013,hh0078,h0310
,all,m01,w02,d013,hh0078,h0311
,all,m01,w02,d013,hh0078,h0312
,all,m01,w02,d014,hh0079,h0313
,all,m01,w03,d014,hh0079,h0314
,all,m01,w03,d014,hh0079,h0315
,all,m01,w03,d014,hh0079,h0316
,all,m01,w03,d014,hh0080,h0317
,all,m01,w03,d014,hh0080,h0318
,all,m01,w03,d014,hh0080,h0319
,all,m01,w03,d014,hh0080,h0320
,all,m01,w03,d014,hh0081,h0321
,all,m01,w03,d014,hh0081,h0322
,all,m01,w03,d014,hh0081,h0323
,all,m01,w03,d014,hh0081,h0324
,all,m01,w03,d014,hh0082,h0325
,all,m01,w03,d014,hh0082,h0326
,all,m01,w03,d014,hh0082,h0327
,all,m01,w03,d014,hh0082,h0328
,all,m01,w03,d014,hh0083,h0329
,all,m01,w03,d014,hh0083,h0330
,all,m01,w03,d014,hh0083,h0331
,all,m01,w03,d014,hh0083,h0332
,all,m01,w03,d014,hh0084,h0333
,all,m01,w03,d014,hh0084,h0334
,all,m01,w03,d014,hh0084,h0335
,all,m01,w03,d014,hh0084,h0336
,all,m01,w03,d015,hh0085,h0337
,all,m01,w03,d015,hh0085,h0338
,all,m01,w03,d015,hh0085,h0339
,all,m01,w03,d015,hh0085,h0340
,all,m01,w03,d015,hh0086,h0341
,all,m01,w03,d015,hh0086,h0342
,all,m01,w03,d015,hh0086,h0343
,all,m01,w03,d015,hh0086,h0344
,all,m01,w03,d015,hh0087,h0345
,all,m01,w03,d015,hh0087,h0346
,all,m01,w03,d015,hh0087,h0347
,all,m01,w03,d015,hh0087,h0348
,all,m01,w03,d015,hh0088,h0349
,all,m01,w03,d015,hh0088,h0350
,all,m01,w03,d015,hh0088,h0351
,all,m01,w03,d015,hh0088,h0352
,all,m01,w03,d015,hh0089,h0353
,all,m01,w03,d015,hh0089,h0354
,all,m01,w03,d015,hh0089,h0355
,all,m01,w03,d015,hh0089,h0356
,all,m01,w03,d015,hh0090,h0357
,all,m01,w03,d015,hh0090,h0358
,all,m01,w03,d015,hh0090,h0359
,all,m01,w03,d015,hh0090,h0360
,all,m01,w03,d016,hh0091,h0361
,all,m01,w03,d016,hh0091,h0362
,all,m01,w03,d016,hh0091,h0363
,all,m01,w03,d016,hh0091,h0364
,all,m01,w03,d016,hh0092,h0365
,all,m01,w03,d016,hh0092,h0366
,all,m01,w03,d016,hh0092,h0367
,all,m01,w03,d016,hh0092,h0368
,all,m01,w03,d016,hh0093,h0369
,all,m01,w03,d016,hh0093,h0370
,all,m01,w03,d016,hh0093,h0371
,all,m01,w03,d016,hh0093,h0372
,all,m01,w03,d016,hh0094,h0373
,all,m01,w03,d016,hh0094,h0374
,all,m01,w03,d016,hh0094,h0375
,all,m01,w03,d016,hh0094,h0376
,all,m01,w03,d016,hh0095,h0377
,all,m01,w03,d016,hh0095,h0378
,all,m01,w03,d016,hh0095,h0379
,all,m01,w03,d016,hh0095,h0380
,all,m01,w03,d016,hh0096,h0381
,all,m01,w03,d016,hh0096,h0382
,all,m01,w03,d016,hh0096,h0383
,all,m01,w03,d016,hh0096,h0384
,all,m01,w03,d017,hh0097,h0385
,all,m01,w03,d017,hh0097,h0386
,all,m01,w03,d017,hh0097,h0387
,all,m01,w03,d017,hh0097,h0388
,all,m01,w03,d017,hh0098,h0389
,all,m01,w03,d017,hh0098,h0390
,all,m01,w03,d017,hh0098,h0391
,all,m01,w03,d017,hh0098,h0392
,all,m01,w03,d017,hh0099,h0393
,all,m01,w03,d017,hh0099,h0394
,all,m01,w03,d017,hh0099,h0395
,all,m01,w03,d017,hh0099,h0396
,all,m01,w03,d017,hh0100,h0397
,all,m01,w03,d017,hh0100,h0398
,all,m01,w03,d017,hh0100,h0399
,all,m01,w03,d017,hh0100,h0400
,all,m01,w03,d017,hh0101,h0401
,all,m01,w03,d017,hh0101,h0402
,all,m01,w03,d017,hh0101,h0403
,all,m01,w03,d017,hh0101,h0404
,all,m01,w03,d017,hh0102,h0405
,all,m01,w03,d017,hh0102,h0406
,all,m01,w03,d017,hh0102,h0407
,all,m01,w03,d017,hh0102,h0408
,all,m01,w03,d018,hh0103,h0409
,all,m01,w03,d018,hh0103,h0410
,all,m01,w03,d018,hh0103,h0411
,all,m01,w03,d018,hh0103,h0412
,all,m01,w03,d018,hh0104,h0413
,all,m01,w03,d018,hh0104,h0414
,all,m01,w03,d018,hh0104,h0415
,all,m01,w03,d018,hh0104,h0416
,all,m01,w03,d018,hh0105,h0417
,all,m01,w03,d018,hh0105,h0418
,all,m01,w03,d018,hh0105,h0419
,all,m01,w03,d018,hh0105,h0420
,all,m01,w03,d018,hh0106,h0421
,all,m01,w03,d018,hh0106,h0422
,all,m01,w03,d018,hh0106,h0423
,all,m01,w03,d018,hh0106,h0424
,all,m01,w03,d018,hh0107,h0425
,all,m01,w03,d018,hh0107,h0426
,all,m01,w03,d018,hh0107,h0427
,all,m01,w03,d018,hh0107,h0428
,all,m01,w03,d018,hh0108,h0429
,all,m01,w03,d018,hh0108,h0430
,all,m01,w03,d018,hh0108,h0431
,all,m01,w03,d018,hh0108,h0432
,all,m01,w03,d019,hh0109,h0433
,all,m01,w03,d019,hh0109,h0434
,all,m01,w03,d019,hh0109,h0435
,all,m01,w03,d019,hh0109,h0436
,all,m01,w03,d019,hh0110,h0437
,all,m01,w03,d019,hh0110,h0438
,all,m01,w03,d019,hh0110,h0439
,all,m01,w03,d019,hh0110,h0440
,all,m01,w03,d019,hh0111,h0441
,all,m01,w03,d019,hh0111,h0442
,all,m01,w03,d019,hh0111,h0443
,all,m01,w03,d019,hh0111,h0444
,all,m01,w03,d019,hh0112,h0445
,all,m01,w03,d019,hh0112,h0446
,all,m01,w03,d019,hh0112,h0447
,all,m01,w03,d019,hh0112,h0448
,all,m01,w03,d019,hh0113,h0449
,all,m01,w03,d019,hh0113,h0450
,all,m01,w03,d019,hh0113,h0451
,all,m01,w03,d019,hh0113,h0452
,all,m01,w03,d019,hh0114,h0453
,all,m01,w03,d019,hh0114,h0454
,all,m01,w03,d019,hh0114,h0455
,all,m01,w03,d019,hh0114,h0456
,all,m01,w03,d020,hh0115,h0457
,all,m01,w03,d020,hh0115,h0458
,all,m01,w03,d020,hh0115,h0459
,all,m01,w03,d020,hh0115,h0460
,all,m01,w03,d020,hh0116,h0461
,all,m01,w03,d020,hh0116,h0462
,all,m01,w03,d020,hh0116,h0463
,all,m01,w03,d020,hh0116,h0464
,all,m01,w03,d020,hh0117,h0465
,all,m01,w03,d020,hh0117,h0466
,all,m01,w03,d020,hh0117,h0467
,all,m01,w03,d020,hh0117,h0468
,all,m01,w03,d020,hh0118,h0469
,all,m01,w03,d020,hh0118,h0470
,all,m01,w03,d020,hh0118,h0471
,all,m01,w03,d020,hh0118,h0472
,all,m01,w03,d020,hh0119,h0473
,all,m01,w03,d020,hh0119,h0474
,all,m01,w03,d020,hh0119,h0475
,all,m01,w03,d020,hh0119,h0476
,all,m01,w03,d020,hh0120,h0477
,all,m01,w03,d020,hh0120,h0478
,all,m01,w03,d020,hh0120,h0479
,all,m01,w03,d020,hh0120,h0480
,all,m01,w03,d021,hh0121,h0481
,all,m01,w04,d021,hh0121,h0482
,all,m01,w04,d021,hh0121,h0483
,all,m01,w04,d021,hh0121,h0484
,all,m01,w04,d021,hh0122,h0485
,all,m01,w04,d021,hh0122,h0486
,all,m01,w04,d021,hh0122,h0487
,all,m01,w04,d021,hh0122,h0488
,all,m01,w04,d021,hh0123,h0489
,all,m01,w04,d021,hh0123,h0490
,all,m01,w04,d021,hh0123,h0491
,all,m01,w04,d021,hh0123,h0492
,all,m01,w04,d021,hh0124,h0493
,all,m01,w04,d021,hh0124,h0494
,all,m01,w04,d021,hh0124,h0495
,all,m01,w04,d021,hh0124,h0496
,all,m01,w04,d021,hh0125,h0497
,all,m01,w04,d021,hh0125,h0498
,all,m01,w04,d021,hh0125,h0499
,all,m01,w04,d021,hh0125,h0500
,all,m01,w04,d021,hh0126,h0501
,all,m01,w04,d021,hh0126,h0502
,all,m01,w04,d021,hh0126,h0503
,all,m01,w04,d021,hh0126,h0504
,all,m01,w04,d022,hh0127,h0505
,all,m01,w04,d022,hh0127,h0506
,all,m01,w04,d022,hh0127,h0507
,all,m01,w04,d022,hh0127,h0508
,all,m01,w04,d022,hh0128,h0509
,all,m01,w04,d022,hh0128,h0510
,all,m01,w04,d022,hh0128,h0511
,all,m01,w04,d022,hh0128,h0512
,all,m01,w04,d022,hh0129,h0513
,all,m01,w04,d022,hh0129,h0514
,all,m01,w04,d022,hh0129,h0515
,all,m01,w04,d022,hh0129,h0516
,all,m01,w04,d022,hh0130,h0517
,all,m01,w04,d022,hh0130,h0518
,all,m01,w04,d022,hh0130,h0519
,all,m01,w04,d022,hh0130,h0520
,all,m01,w04,d022,hh0131,h0521
,all,m01,w04,d022,hh0131,h0522
,all,m01,w04,d022,hh0131,h0523
,all,m01,w04,d022,hh0131,h0524
,all,m01,w04,d022,hh0132,h0525
,all,m01,w04,d022,hh0132,h0526
,all,m01,w04,d022,hh0132,h0527
,all,m01,w04,d022,hh0132,h0528
,all,m01,w04,d023,hh0133,h0529
,all,m01,w04,d023,hh0133,h0530
,all,m01,w04,d023,hh0133,h0531
,all,m01,w04,d023,hh0133,h0532
,all,m01,w04,d023,hh0134,h0533
,all,m01,w04,d023,hh0134,h0534
,all,m01,w04,d023,hh0134,h0535
,all,m01,w04,d023,hh0134,h0536
,all,m01,w04,d023,hh0135,h0537
,all,m01,w04,d023,hh0135,h0538
,all,m01,w04,d023,hh0135,h0539
,all,m01,w04,d023,hh0135,h0540
,all,m01,w04,d023,hh0136,h0541
,all,m01,w04,d023,hh0136,h0542
,all,m01,w04,d023,hh0136,h0543
,all,m01,w04,d023,hh0136,h0544
,all,m01,w04,d023,hh0137,h0545
,all,m01,w04,d023,hh0137,h0546
,all,m01,w04,d023,hh0137,h0547
,all,m01,w04,d023,hh0137,h0548
,all,m01,w04,d023,hh0138,h0549
,all,m01,w04,d023,hh0138,h0550
,all,m01,w04,d023,hh0138,h0551
,all,m01,w04,d023,hh0138,h0552
,all,m01,w04,d024,hh0139,h0553
,all,m01,w04,d024,hh0139,h0554
,all,m01,w04,d024,hh0139,h0555
,all,m01,w04,d024,hh0139,h0556
,all,m01,w04,d024,hh0140,h0557
,all,m01,w04,d024,hh0140,h0558
,all,m01,w04,d024,hh0140,h0559
,all,m01,w04,d024,hh0140,h0560
,all,m01,w04,d024,hh0141,h0561
,all,m01,w04,d024,hh0141,h0562
,all,m01,w04,d024,hh0141,h0563
,all,m01,w04,d024,hh0141,h0564
,all,m01,w04,d024,hh0142,h0565
,all,m01,w04,d024,hh0142,h0566
,all,m01,w04,d024,hh0142,h0567
,all,m01,w04,d024,hh0142,h0568
,all,m01,w04,d024,hh0143,h0569
,all,m01,w04,d024,hh0143,h0570
,all,m01,w04,d024,hh0143,h0571
,all,m01,w04,d024,hh0143,h0572
,all,m01,w04,d024,hh0144,h0573
,all,m01,w04,d024,hh0144,h0574
,all,m01,w04,d024,hh0144,h0575
,all,m01,w04,d024,hh0144,h0576
,all,m01,w04,d025,hh0145,h0577
,all,m01,w04,d025,hh0145,h0578
,all,m01,w04,d025,hh0145,h0579
,all,m01,w04,d025,hh0145,h0580
,all,m01,w04,d025,hh0146,h0581
,all,m01,w04,d025,hh0146,h0582
,all,m01,w04,d025,hh0146,h0583
,all,m01,w04,d025,hh0146,h0584
,all,m01,w04,d025,hh0147,h0585
,all,m01,w04,d025,hh0147,h0586
,all,m01,w04,d025,hh0147,h0587
,all,m01,w04,d025,hh0147,h0588
,all,m01,w04,d025,hh0148,h0589
,all,m01,w04,d025,hh0148,h0590
,all,m01,w04,d025,hh0148,h0591
,all,m01,w04,d025,hh0148,h0592
,all,m01,w04,d025,hh0149,h0593
,all,m01,w04,d025,hh0149,h0594
,all,m01,w04,d025,hh0149,h0595
,all,m01,w04,d025,hh0149,h0596
,all,m01,w04,d025,hh0150,h0597
,all,m01,w04,d025,hh0150,h0598
,all,m01,w04,d025,hh0150,h0599
,all,m01,w04,d025,hh0150,h0600
,all,m01,w04,d026,hh0151,h0601
,all,m01,w04,d026,hh0151,h0602
,all,m01,w04,d026,hh0151,h0603
,all,m01,w04,d026,hh0151,h0604
,all,m01,w04,d026,hh0152,h0605
,all,m01,w04,d026,hh0152,h0606
,all,m01,w04,d026,hh0152,h0607
,all,m01,w04,d026,hh0152,h0608
,all,m01,w04,d026,hh0153,h0609
,all,m01,w04,d026,hh0153,h0610
,all,m01,w04,d026,hh0153,h0611
,all,m01,w04,d026,hh0153,h0612
,all,m01,w04,d026,hh0154,h0613
,all,m01,w04,d026,hh0154,h0614
,all,m01,w04,d026,hh0154,h0615
,all,m01,w04,d026,hh0154,h0616
,all,m01,w04,d026,hh0155,h0617
,all,m01,w04,d026,hh0155,h0618
,all,m01,w04,d026,hh0155,h0619
,all,m01,w04,d026,hh0155,h0620
,all,m01,w04,d026,hh0156,h0621
,all,m01,w04,d026,hh0156,h0622
,all,m01,w04,d026,hh0156,h0623
,all,m01,w04,d026,hh0156,h0624
,all,m01,w04,d027,hh0157,h0625
,all,m01,w04,d027,hh0157,h0626
,all,m01,w04,d027,hh0157,h0627
,all,m01,w04,d027,hh0157,h0628
,all,m01,w04,d027,hh0158,h0629
,all,m01,w04,d027,hh0158,h0630
,all,m01,w04,d027,hh0158,h0631
,all,m01,w04,d027,hh0158,h0632
,all,m01,w04,d027,hh0159,h0633
,all,m01,w04,d027,hh0159,h0634
,all,m01,w04,d027,hh0159,h0635
,all,m01,w04,d027,hh0159,h0636
,all,m01,w04,d027,hh0160,h0637
,all,m01,w04,d027,hh0160,h0638
,all,m01,w04,d027,hh0160,h0639
,all,m01,w04,d027,hh0160,h0640
,all,m01,w04,d027,hh0161,h0641
,all,m01,w04,d027,hh0161,h0642
,all,m01,w04,d027,hh0161,h0643
,all,m01,w04,d027,hh0161,h0644
,all,m01,w04,d027,hh0162,h0645
,all,m01,w04,d027,hh0162,h0646
,all,m01,w04,d027,hh0162,h0647
,all,m01,w04,d027,hh0162,h0648
,all,m01,w04,d028,hh0163,h0649
,all,m01,w05,d028,hh0163,h0650
,all,m01,w05,d028,hh0163,h0651
,all,m01,w05,d028,hh0163,h0652
,all,m01,w05,d028,hh0164,h0653
,all,m01,w05,d028,hh0164,h0654
,all,m01,w05,d028,hh0164,h0655
,all,m01,w05,d028,hh0164,h0656
,all,m01,w05,d028,hh0165,h0657
,all,m01,w05,d028,hh0165,h0658
,all,m01,w05,d028,hh0165,h0659
,all,m01,w05,d028,hh0165,h0660
,all,m01,w05,d028,hh0166,h0661
,all,m01,w05,d028,hh0166,h0662
,all,m01,w05,d028,hh0166,h0663
,all,m01,w05,d028,hh0166,h0664
,all,m01,w05,d028,hh0167,h0665
,all,m01,w05,d028,hh0167,h0666
,all,m01,w05,d028,hh0167,h0667
,all,m01,w05,d028,hh0167,h0668
,all,m01,w05,d028,hh0168,h0669
,all,m01,w05,d028,hh0168,h0670
,all,m01,w05,d028,hh0168,h0671
,all,m01,w05,d028,hh0168,h0672
,all,m01,w05,d029,hh0169,h0673
,all,m01,w05,d029,hh0169,h0674
,all,m01,w05,d029,hh0169,h0675
,all,m01,w05,d029,hh0169,h0676
,all,m01,w05,d029,hh0170,h0677
,all,m01,w05,d029,hh0170,h0678
,all,m01,w05,d029,hh0170,h0679
,all,m01,w05,d029,hh0170,h0680
,all,m01,w05,d029,hh0171,h0681
,all,m01,w05,d029,hh0171,h0682
,all,m01,w05,d029,hh0171,h0683
,all,m01,w05,d029,hh0171,h0684
,all,m01,w05,d029,hh0172,h0685
,all,m01,w05,d029,hh0172,h0686
,all,m01,w05,d029,hh0172,h0687
,all,m01,w05,d029,hh0172,h0688
,all,m01,w05,d029,hh0173,h0689
,all,m01,w05,d029,hh0173,h0690
,all,m01,w05,d029,hh0173,h0691
,all,m01,w05,d029,hh0173,h0692
,all,m01,w05,d029,hh0174,h0693
,all,m01,w05,d029,hh0174,h0694
,all,m01,w05,d029,hh0174,h0695
,all,m01,w05,d029,hh0174,h0696
,all,m01,w05,d030,hh0175,h0697
,all,m01,w05,d030,hh0175,h0698
,all,m01,w05,d030,hh0175,h0699
,all,m01,w05,d030,hh0175,h0700
,all,m01,w05,d030,hh0176,h0701
,all,m01,w05,d030,hh0176,h0702
,all,m01,w05,d030,hh0176,h0703
,all,m01,w05,d030,hh0176,h0704
,all,m01,w05,d030,hh0177,h0705
,all,m01,w05,d030,hh0177,h0706
,all,m01,w05,d030,hh0177,h0707
,all,m01,w05,d030,hh0177,h0708
,all,m01,w05,d030,hh0178,h0709
,all,m01,w05,d030,hh0178,h0710
,all,m01,w05,d030,hh0178,h0711
,all,m01,w05,d030,hh0178,h0712
,all,m01,w05,d030,hh0179,h0713
,all,m01,w05,d030,hh0179,h0714
,all,m01,w05,d030,hh0179,h0715
,all,m01,w05,d030,hh0179,h0716
,all,m01,w05,d030,hh0180,h0717
,all,m01,w05,d030,hh0180,h0718
,all,m01,w05,d030,hh0180,h0719
,all,m01,w05,d030,hh0180,h0720
,all,m01,w05,d031,hh0181,h0721
,all,m01,w05,d031,hh0181,h0722
,all,m01,w05,d031,hh0181,h0723
,all,m01,w05,d031,hh0181,h0724
,all,m01,w05,d031,hh0182,h0725
,all,m01,w05,d031,hh0182,h0726
,all,m01,w05,d031,hh0182,h0727
,all,m01,w05,d031,hh0182,h0728
,all,m01,w05,d031,hh0183,h0729
,all,m01,w05,d031,hh0183,h0730
,all,m01,w05,d031,hh0183,h0731
,all,m01,w05,d031,hh0183,h0732
,all,m01,w05,d031,hh0184,h0733
,all,m01,w05,d031,hh0184,h0734
,all,m01,w05,d031,hh0184,h0735
,all,m01,w05,d031,hh0184,h0736
,all,m01,w05,d031,hh0185,h0737
,all,m01,w05,d031,hh0185,h0738
,all,m01,w05,d031,hh0185,h0739
,all,m01,w05,d031,hh0185,h0740
,all,m01,w05,d031,hh0186,h0741
,all,m01,w05,d031,hh0186,h0742
,all,m01,w05,d031,hh0186,h0743
,all,m01,w05,d031,hh0186,h0744
,all,m02,w05,d032,hh0187,h0745
,all,m02,w05,d032,hh0187,h0746
,all,m02,w05,d032,hh0187,h0747
,all,m02,w05,d032,hh0187,h0748
,all,m02,w05,d032,hh0188,h0749
,all,m02,w05,d032,hh0188,h0750
,all,m02,w05,d032,hh0188,h0751
,all,m02,w05,d032,hh0188,h0752
,all,m02,w05,d032,hh0189,h0753
,all,m02,w05,d032,hh0189,h0754
,all,m02,w05,d032,hh0189,h0755
,all,m02,w05,d032,hh0189,h0756
,all,m02,w05,d032,hh0190,h0757
,all,m02,w05,d032,hh0190,h0758
,all,m02,w05,d032,hh0190,h0759
,all,m02,w05,d032,hh0190,h0760
,all,m02,w05,d032,hh0191,h0761
,all,m02,w05,d032,hh0191,h0762
,all,m02,w05,d032,hh0191,h0763
,all,m02,w05,d032,hh0191,h0764
,all,m02,w05,d032,hh0192,h0765
,all,m02,w05,d032,hh0192,h0766
,all,m02,w05,d032,hh0192,h0767
,all,m02,w05,d032,hh0192,h0768
,all,m02,w05,d033,hh0193,h0769
,all,m02,w05,d033,hh0193,h0770
,all,m02,w05,d033,hh0193,h0771
,all,m02,w05,d033,hh0193,h0772
,all,m02,w05,d033,hh0194,h0773
,all,m02,w05,d033,hh0194,h0774
,all,m02,w05,d033,hh0194,h0775
,all,m02,w05,d033,hh0194,h0776
,all,m02,w05,d033,hh0195,h0777
,all,m02,w05,d033,hh0195,h0778
,all,m02,w05,d033,hh0195,h0779
,all,m02,w05,d033,hh0195,h0780
,all,m02,w05,d033,hh0196,h0781
,all,m02,w05,d033,hh0196,h0782
,all,m02,w05,d033,hh0196,h0783
,all,m02,w05,d033,hh0196,h0784
,all,m02,w05,d033,hh0197,h0785
,all,m02,w05,d033,hh0197,h0786
,all,m02,w05,d033,hh0197,h0787
,all,m02,w05,d033,hh0197,h0788
,all,m02,w05,d033,hh0198,h0789
,all,m02,w05,d033,hh0198,h0790
,all,m02,w05,d033,hh0198,h0791
,all,m02,w05,d033,hh0198,h0792
,all,m02,w05,d034,hh0199,h0793
,all,m02,w05,d034,hh0199,h0794
,all,m02,w05,d034,hh0199,h0795
,all,m02,w05,d034,hh0199,h0796
,all,m02,w05,d034,hh0200,h0797
,all,m02,w05,d034,hh0200,h0798
,all,m02,w05,d034,hh0200,h0799
,all,m02,w05,d034,hh0200,h0800
,all,m02,w05,d034,hh0201,h0801
,all,m02,w05,d034,hh0201,h0802
,all,m02,w05,d034,hh0201,h0803
,all,m02,w05,d034,hh0201,h0804
,all,m02,w05,d034,hh0202,h0805
,all,m02,w05,d034,hh0202,h0806
,all,m02,w05,d034,hh0202,h0807
,all,m02,w05,d034,hh0202,h0808
,all,m02,w05,d034,hh0203,h0809
,all,m02,w05,d034,hh0203,h0810
,all,m02,w05,d034,hh0203,h0811
,all,m02,w05,d034,hh0203,h0812
,all,m02,w05,d034,hh0204,h0813
,all,m02,w05,d034,hh0204,h0814
,all,m02,w05,d034,hh0204,h0815
,all,m02,w05,d034,hh0204,h0816
,all,m02,w05,d035,hh0205,h0817
,all,m02,w06,d035,hh0205,h0818
,all,m02,w06,d035,hh0205,h0819
,all,m02,w06,d035,hh0205,h0820
,all,m02,w06,d035,hh0206,h0821
,all,m02,w06,d035,hh0206,h0822
,all,m02,w06,d035,hh0206,h0823
,all,m02,w06,d035,hh0206,h0824
,all,m02,w06,d035,hh0207,h0825
,all,m02,w06,d035,hh0207,h0826
,all,m02,w06,d035,hh0207,h0827
,all,m02,w06,d035,hh0207,h0828
,all,m02,w06,d035,hh0208,h0829
,all,m02,w06,d035,hh0208,h0830
,all,m02,w06,d035,hh0208,h0831
,all,m02,w06,d035,hh0208,h0832
,all,m02,w06,d035,hh0209,h0833
,all,m02,w06,d035,hh0209,h0834
,all,m02,w06,d035,hh0209,h0835
,all,m02,w06,d035,hh0209,h0836
,all,m02,w06,d035,hh0210,h0837
,all,m02,w06,d035,hh0210,h0838
,all,m02,w06,d035,hh0210,h0839
,all,m02,w06,d035,hh0210,h0840
,all,m02,w06,d036,hh0211,h0841
,all,m02,w06,d036,hh0211,h0842
,all,m02,w06,d036,hh0211,h0843
,all,m02,w06,d036,hh0211,h0844
,all,m02,w06,d036,hh0212,h0845
,all,m02,w06,d036,hh0212,h0846
,all,m02,w06,d036,hh0212,h0847
,all,m02,w06,d036,hh0212,h0848
,all,m02,w06,d036,hh0213,h0849
,all,m02,w06,d036,hh0213,h0850
,all,m02,w06,d036,hh0213,h0851
,all,m02,w06,d036,hh0213,h0852
,all,m02,w06,d036,hh0214,h0853
,all,m02,w06,d036,hh0214,h0854
,all,m02,w06,d036,hh0214,h0855
,all,m02,w06,d036,hh0214,h0856
,all,m02,w06,d036,hh0215,h0857
,all,m02,w06,d036,hh0215,h0858
,all,m02,w06,d036,hh0215,h0859
,all,m02,w06,d036,hh0215,h0860
,all,m02,w06,d036,hh0216,h0861
,all,m02,w06,d036,hh0216,h0862
,all,m02,w06,d036,hh0216,h0863
,all,m02,w06,d036,hh0216,h0864
,all,m02,w06,d037,hh0217,h0865
,all,m02,w06,d037,hh0217,h0866
,all,m02,w06,d037,hh0217,h0867
,all,m02,w06,d037,hh0217,h0868
,all,m02,w06,d037,hh0218,h0869
,all,m02,w06,d037,hh0218,h0870
,all,m02,w06,d037,hh0218,h0871
,all,m02,w06,d037,hh0218,h0872
,all,m02,w06,d037,hh0219,h0873
,all,m02,w06,d037,hh0219,h0874
,all,m02,w06,d037,hh0219,h0875
,all,m02,w06,d037,hh0219,h0876
,all,m02,w06,d037,hh0220,h0877
,all,m02,w06,d037,hh0220,h0878
,all,m02,w06,d037,hh0220,h0879
,all,m02,w06,d037,hh0220,h0880
,all,m02,w06,d037,hh0221,h0881
,all,m02,w06,d037,hh0221,h0882
,all,m02,w06,d037,hh0221,h0883
,all,m02,w06,d037,hh0221,h0884
,all,m02,w06,d037,hh0222,h0885
,all,m02,w06,d037,hh0222,h0886
,all,m02,w06,d037,hh0222,h0887
,all,m02,w06,d037,hh0222,h0888
,all,m02,w06,d038,hh0223,h0889
,all,m02,w06,d038,hh0223,h0890
,all,m02,w06,d038,hh0223,h0891
,all,m02,w06,d038,hh0223,h0892
,all,m02,w06,d038,hh0224,h0893
,all,m02,w06,d038,hh0224,h0894
,all,m02,w06,d038,hh0224,h0895
,all,m02,w06,d038,hh0224,h0896
,all,m02,w06,d038,hh0225,h0897
,all,m02,w06,d038,hh0225,h0898
,all,m02,w06,d038,hh0225,h0899
,all,m02,w06,d038,hh0225,h0900
,all,m02,w06,d038,hh0226,h0901
,all,m02,w06,d038,hh0226,h0902
,all,m02,w06,d038,hh0226,h0903
,all,m02,w06,d038,hh0226,h0904
,all,m02,w06,d038,hh0227,h0905
,all,m02,w06,d038,hh0227,h0906
,all,m02,w06,d038,hh0227,h0907
,all,m02,w06,d038,hh0227,h0908
,all,m02,w06,d038,hh0228,h0909
,all,m02,w06,d038,hh0228,h0910
,all,m02,w06,d038,hh0228,h0911
,all,m02,w06,d038,hh0228,h0912
,all,m02,w06,d039,hh0229,h0913
,all,m02,w06,d039,hh0229,h0914
,all,m02,w06,d039,hh0229,h0915
,all,m02,w06,d039,hh0229,h0916
,all,m02,w06,d039,hh0230,h0917
,all,m02,w06,d039,hh0230,h0918
,all,m02,w06,d039,hh0230,h0919
,all,m02,w06,d039,hh0230,h0920
,all,m02,w06,d039,hh0231,h0921
,all,m02,w06,d039,hh0231,h0922
,all,m02,w06,d039,hh0231,h0923
,all,m02,w06,d039,hh0231,h0924
,all,m02,w06,d039,hh0232,h0925
,all,m02,w06,d039,hh0232,h0926
,all,m02,w06,d039,hh0232,h0927
,all,m02,w06,d039,hh0232,h0928
,all,m02,w06,d039,hh0233,h0929
,all,m02,w06,d039,hh0233,h0930
,all,m02,w06,d039,hh0233,h0931
,all,m02,w06,d039,hh0233,h0932
,all,m02,w06,d039,hh0234,h0933
,all,m02,w06,d039,hh0234,h0934
,all,m02,w06,d039,hh0234,h0935
,all,m02,w06,d039,hh0234,h0936
,all,m02,w06,d040,hh0235,h0937
,all,m02,w06,d040,hh0235,h0938
,all,m02,w06,d040,hh0235,h0939
,all,m02,w06,d040,hh0235,h0940
,all,m02,w06,d040,hh0236,h0941
,all,m02,w06,d040,hh0236,h0942
,all,m02,w06,d040,hh0236,h0943
,all,m02,w06,d040,hh0236,h0944
,all,m02,w06,d040,hh0237,h0945
,all,m02,w06,d040,hh0237,h0946
,all,m02,w06,d040,hh0237,h0947
,all,m02,w06,d040,hh0237,h0948
,all,m02,w06,d040,hh0238,h0949
,all,m02,w06,d040,hh0238,h0950
,all,m02,w06,d040,hh0238,h0951
,all,m02,w06,d040,hh0238,h0952
,all,m02,w06,d040,hh0239,h0953
,all,m02,w06,d040,hh0239,h0954
,all,m02,w06,d040,hh0239,h0955
,all,m02,w06,d040,hh0239,h0956
,all,m02,w06,d040,hh0240,h0957
,all,m02,w06,d040,hh0240,h0958
,all,m02,w06,d040,hh0240,h0959
,all,m02,w06,d040,hh0240,h0960
,all,m02,w06,d041,hh0241,h0961
,all,m02,w06,d041,hh0241,h0962
,all,m02,w06,d041,hh0241,h0963
,all,m02,w06,d041,hh0241,h0964
,all,m02,w06,d041,hh0242,h0965
,all,m02,w06,d041,hh0242,h0966
,all,m02,w06,d041,hh0242,h0967
,all,m02,w06,d041,hh0242,h0968
,all,m02,w06,d041,hh0243,h0969
,all,m02,w06,d041,hh0243,h0970
,all,m02,w06,d041,hh0243,h0971
,all,m02,w06,d041,hh0243,h0972
,all,m02,w06,d041,hh0244,h0973
,all,m02,w06,d041,hh0244,h0974
,all,m02,w06,d041,hh0244,h0975
,all,m02,w06,d041,hh0244,h0976
,all,m02,w06,d041,hh0245,h0977
,all,m02,w06,d041,hh0245,h0978
,all,m02,w06,d041,hh0245,h0979
,all,m02,w06,d041,hh0245,h0980
,all,m02,w06,d041,hh0246,h0981
,all,m02,w06,d041,hh0246,h0982
,all,m02,w06,d041,hh0246,h0983
,all,m02,w06,d041,hh0246,h0984
,all,m02,w06,d042,hh0247,h0985
,all,m02,w07,d042,hh0247,h0986
,all,m02,w07,d042,hh0247,h0987
,all,m02,w07,d042,hh0247,h0988
,all,m02,w07,d042,hh0248,h0989
,all,m02,w07,d042,hh0248,h0990
,all,m02,w07,d042,hh0248,h0991
,all,m02,w07,d042,hh0248,h0992
,all,m02,w07,d042,hh0249,h0993
,all,m02,w07,d042,hh0249,h0994
,all,m02,w07,d042,hh0249,h0995
,all,m02,w07,d042,hh0249,h0996
,all,m02,w07,d042,hh0250,h0997
,all,m02,w07,d042,hh0250,h0998
,all,m02,w07,d042,hh0250,h0999
,all,m02,w07,d042,hh0250,h1000
,all,m02,w07,d042,hh0251,h1001
,all,m02,w07,d042,hh0251,h1002
,all,m02,w07,d042,hh0251,h1003
,all,m02,w07,d042,hh0251,h1004
,all,m02,w07,d042,hh0252,h1005
,all,m02,w07,d042,hh0252,h1006
,all,m02,w07,d042,hh0252,h1007
,all,m02,w07,d042,hh0252,h1008
,all,m02,w07,d043,hh0253,h1009
,all,m02,w07,d043,hh0253,h1010
,all,m02,w07,d043,hh0253,h1011
,all,m02,w07,d043,hh0253,h1012
,all,m02,w07,d043,hh0254,h1013
,all,m02,w07,d043,hh0254,h1014
,all,m02,w07,d043,hh0254,h1015
,all,m02,w07,d043,hh0254,h1016
,all,m02,w07,d043,hh0255,h1017
,all,m02,w07,d043,hh0255,h1018
,all,m02,w07,d043,hh0255,h1019
,all,m02,w07,d043,hh0255,h1020
,all,m02,w07,d043,hh0256,h1021
,all,m02,w07,d043,hh0256,h1022
,all,m02,w07,d043,hh0256,h1023
,all,m02,w07,d043,hh0256,h1024
,all,m02,w07,d043,hh0257,h1025
,all,m02,w07,d043,hh0257,h1026
,all,m02,w07,d043,hh0257,h1027
,all,m02,w07,d043,hh0257,h1028
,all,m02,w07,d043,hh0258,h1029
,all,m02,w07,d043,hh0258,h1030
,all,m02,w07,d043,hh0258,h1031
,all,m02,w07,d043,hh0258,h1032
,all,m02,w07,d044,hh0259,h1033
,all,m02,w07,d044,hh0259,h1034
,all,m02,w07,d044,hh0259,h1035
,all,m02,w07,d044,hh0259,h1036
,all,m02,w07,d044,hh0260,h1037
,all,m02,w07,d044,hh0260,h1038
,all,m02,w07,d044,hh0260,h1039
,all,m02,w07,d044,hh0260,h1040
,all,m02,w07,d044,hh0261,h1041
,all,m02,w07,d044,hh0261,h1042
,all,m02,w07,d044,hh0261,h1043
,all,m02,w07,d044,hh0261,h1044
,all,m02,w07,d044,hh0262,h1045
,all,m02,w07,d044,hh0262,h1046
,all,m02,w07,d044,hh0262,h1047
,all,m02,w07,d044,hh0262,h1048
,all,m02,w07,d044,hh0263,h1049
,all,m02,w07,d044,hh0263,h1050
,all,m02,w07,d044,hh0263,h1051
,all,m02,w07,d044,hh0263,h1052
,all,m02,w07,d044,hh0264,h1053
,all,m02,w07,d044,hh0264,h1054
,all,m02,w07,d044,hh0264,h1055
,all,m02,w07,d044,hh0264,h1056
,all,m02,w07,d045,hh0265,h1057
,all,m02,w07,d045,hh0265,h1058
,all,m02,w07,d045,hh0265,h1059
,all,m02,w07,d045,hh0265,h1060
,all,m02,w07,d045,hh0266,h1061
,all,m02,w07,d045,hh0266,h1062
,all,m02,w07,d045,hh0266,h1063
,all,m02,w07,d045,hh0266,h1064
,all,m02,w07,d045,hh0267,h1065
,all,m02,w07,d045,hh0267,h1066
,all,m02,w07,d045,hh0267,h1067
,all,m02,w07,d045,hh0267,h1068
,all,m02,w07,d045,hh0268,h1069
,all,m02,w07,d045,hh0268,h1070
,all,m02,w07,d045,hh0268,h1071
,all,m02,w07,d045,hh0268,h1072
,all,m02,w07,d045,hh0269,h1073
,all,m02,w07,d045,hh0269,h1074
,all,m02,w07,d045,hh0269,h1075
,all,m02,w07,d045,hh0269,h1076
,all,m02,w07,d045,hh0270,h1077
,all,m02,w07,d045,hh0270,h1078
,all,m02,w07,d045,hh0270,h1079
,all,m02,w07,d045,hh0270,h1080
,all,m02,w07,d046,hh0271,h1081
,all,m02,w07,d046,hh0271,h1082
,all,m02,w07,d046,hh0271,h1083
,all,m02,w07,d046,hh0271,h1084
,all,m02,w07,d046,hh0272,h1085
,all,m02,w07,d046,hh0272,h1086
,all,m02,w07,d046,hh0272,h1087
,all,m02,w07,d046,hh0272,h1088
,all,m02,w07,d046,hh0273,h1089
,all,m02,w07,d046,hh0273,h1090
,all,m02,w07,d046,hh0273,h1091
,all,m02,w07,d046,hh0273,h1092
,all,m02,w07,d046,hh0274,h1093
,all,m02,w07,d046,hh0274,h1094
,all,m02,w07,d046,hh0274,h1095
,all,m02,w07,d046,hh0274,h1096
,all,m02,w07,d046,hh0275,h1097
,all,m02,w07,d046,hh0275,h1098
,all,m02,w07,d046,hh0275,h1099
,all,m02,w07,d046,hh0275,h1100
,all,m02,w07,d046,hh0276,h1101
,all,m02,w07,d046,hh0276,h1102
,all,m02,w07,d046,hh0276,h1103
,all,m02,w07,d046,hh0276,h1104
,all,m02,w07,d047,hh0277,h1105
,all,m02,w07,d047,hh0277,h1106
,all,m02,w07,d047,hh0277,h1107
,all,m02,w07,d047,hh0277,h1108
,all,m02,w07,d047,hh0278,h1109
,all,m02,w07,d047,hh0278,h1110
,all,m02,w07,d047,hh0278,h1111
,all,m02,w07,d047,hh0278,h1112
,all,m02,w07,d047,hh0279,h1113
,all,m02,w07,d047,hh0279,h1114
,all,m02,w07,d047,hh0279,h1115
,all,m02,w07,d047,hh0279,h1116
,all,m02,w07,d047,hh0280,h1117
,all,m02,w07,d047,hh0280,h1118
,all,m02,w07,d047,hh0280,h1119
,all,m02,w07,d047,hh0280,h1120
,all,m02,w07,d047,hh0281,h1121
,all,m02,w07,d047,hh0281,h1122
,all,m02,w07,d047,hh0281,h1123
,all,m02,w07,d047,hh0281,h1124
,all,m02,w07,d047,hh0282,h1125
,all,m02,w07,d047,hh0282,h1126
,all,m02,w07,d047,hh0282,h1127
,all,m02,w07,d047,hh0282,h1128
,all,m02,w07,d048,hh0283,h1129
,all,m02,w07,d048,hh0283,h1130
,all,m02,w07,d048,hh0283,h1131
,all,m02,w07,d048,hh0283,h1132
,all,m02,w07,d048,hh0284,h1133
,all,m02,w07,d048,hh0284,h1134
,all,m02,w07,d048,hh0284,h1135
,all,m02,w07,d048,hh0284,h1136
,all,m02,w07,d048,hh0285,h1137
,all,m02,w07,d048,hh0285,h1138
,all,m02,w07,d048,hh0285,h1139
,all,m02,w07,d048,hh0285,h1140
,all,m02,w07,d048,hh0286,h1141
,all,m02,w07,d048,hh0286,h1142
,all,m02,w07,d048,hh0286,h1143
,all,m02,w07,d048,hh0286,h1144
,all,m02,w07,d048,hh0287,h1145
,all,m02,w07,d048,hh0287,h1146
,all,m02,w07,d048,hh0287,h1147
,all,m02,w07,d048,hh0287,h1148
,all,m02,w07,d048,hh0288,h1149
,all,m02,w07,d048,hh0288,h1150
,all,m02,w07,d048,hh0288,h1151
,all,m02,w07,d048,hh0288,h1152
,all,m02,w07,d049,hh0289,h1153
,all,m02,w08,d049,hh0289,h1154
,all,m02,w08,d049,hh0289,h1155
,all,m02,w08,d049,hh0289,h1156
,all,m02,w08,d049,hh0290,h1157
,all,m02,w08,d049,hh0290,h1158
,all,m02,w08,d049,hh0290,h1159
,all,m02,w08,d049,hh0290,h1160
,all,m02,w08,d049,hh0291,h1161
,all,m02,w08,d049,hh0291,h1162
,all,m02,w08,d049,hh0291,h1163
,all,m02,w08,d049,hh0291,h1164
,all,m02,w08,d049,hh0292,h1165
,all,m02,w08,d049,hh0292,h1166
,all,m02,w08,d049,hh0292,h1167
,all,m02,w08,d049,hh0292,h1168
,all,m02,w08,d049,hh0293,h1169
,all,m02,w08,d049,hh0293,h1170
,all,m02,w08,d049,hh0293,h1171
,all,m02,w08,d049,hh0293,h1172
,all,m02,w08,d049,hh0294,h1173
,all,m02,w08,d049,hh0294,h1174
,all,m02,w08,d049,hh0294,h1175
,all,m02,w08,d049,hh0294,h1176
,all,m02,w08,d050,hh0295,h1177
,all,m02,w08,d050,hh0295,h1178
,all,m02,w08,d050,hh0295,h1179
,all,m02,w08,d050,hh0295,h1180
,all,m02,w08,d050,hh0296,h1181
,all,m02,w08,d050,hh0296,h1182
,all,m02,w08,d050,hh0296,h1183
,all,m02,w08,d050,hh0296,h1184
,all,m02,w08,d050,hh0297,h1185
,all,m02,w08,d050,hh0297,h1186
,all,m02,w08,d050,hh0297,h1187
,all,m02,w08,d050,hh0297,h1188
,all,m02,w08,d050,hh0298,h1189
,all,m02,w08,d050,hh0298,h1190
,all,m02,w08,d050,hh0298,h1191
,all,m02,w08,d050,hh0298,h1192
,all,m02,w08,d050,hh0299,h1193
,all,m02,w08,d050,hh0299,h1194
,all,m02,w08,d050,hh0299,h1195
,all,m02,w08,d050,hh0299,h1196
,all,m02,w08,d050,hh0300,h1197
,all,m02,w08,d050,hh0300,h1198
,all,m02,w08,d050,hh0300,h1199
,all,m02,w08,d050,hh0300,h1200
,all,m02,w08,d051,hh0301,h1201
,all,m02,w08,d051,hh0301,h1202
,all,m02,w08,d051,hh0301,h1203
,all,m02,w08,d051,hh0301,h1204
,all,m02,w08,d051,hh0302,h1205
,all,m02,w08,d051,hh0302,h1206
,all,m02,w08,d051,hh0302,h1207
,all,m02,w08,d051,hh0302,h1208
,all,m02,w08,d051,hh0303,h1209
,all,m02,w08,d051,hh0303,h1210
,all,m02,w08,d051,hh0303,h1211
,all,m02,w08,d051,hh0303,h1212
,all,m02,w08,d051,hh0304,h1213
,all,m02,w08,d051,hh0304,h1214
,all,m02,w08,d051,hh0304,h1215
,all,m02,w08,d051,hh0304,h1216
,all,m02,w08,d051,hh0305,h1217
,all,m02,w08,d051,hh0305,h1218
,all,m02,w08,d051,hh0305,h1219
,all,m02,w08,d051,hh0305,h1220
,all,m02,w08,d051,hh0306,h1221
,all,m02,w08,d051,hh0306,h1222
,all,m02,w08,d051,hh0306,h1223
,all,m02,w08,d051,hh0306,h1224
,all,m02,w08,d052,hh0307,h1225
,all,m02,w08,d052,hh0307,h1226
,all,m02,w08,d052,hh0307,h1227
,all,m02,w08,d052,hh0307,h1228
,all,m02,w08,d052,hh0308,h1229
,all,m02,w08,d052,hh0308,h1230
,all,m02,w08,d052,hh0308,h1231
,all,m02,w08,d052,hh0308,h1232
,all,m02,w08,d052,hh0309,h1233
,all,m02,w08,d052,hh0309,h1234
,all,m02,w08,d052,hh0309,h1235
,all,m02,w08,d052,hh0309,h1236
,all,m02,w08,d052,hh0310,h1237
,all,m02,w08,d052,hh0310,h1238
,all,m02,w08,d052,hh0310,h1239
,all,m02,w08,d052,hh0310,h1240
,all,m02,w08,d052,hh0311,h1241
,all,m02,w08,d052,hh0311,h1242
,all,m02,w08,d052,hh0311,h1243
,all,m02,w08,d052,hh0311,h1244
,all,m02,w08,d052,hh0312,h1245
,all,m02,w08,d052,hh0312,h1246
,all,m02,w08,d052,hh0312,h1247
,all,m02,w08,d052,hh0312,h1248
,all,m02,w08,d053,hh0313,h1249
,all,m02,w08,d053,hh0313,h1250
,all,m02,w08,d053,hh0313,h1251
,all,m02,w08,d053,hh0313,h1252
,all,m02,w08,d053,hh0314,h1253
,all,m02,w08,d053,hh0314,h1254
,all,m02,w08,d053,hh0314,h1255
,all,m02,w08,d053,hh0314,h1256
,all,m02,w08,d053,hh0315,h1257
,all,m02,w08,d053,hh0315,h1258
,all,m02,w08,d053,hh0315,h1259
,all,m02,w08,d053,hh0315,h1260
,all,m02,w08,d053,hh0316,h1261
,all,m02,w08,d053,hh0316,h1262
,all,m02,w08,d053,hh0316,h1263
,all,m02,w08,d053,hh0316,h1264
,all,m02,w08,d053,hh0317,h1265
,all,m02,w08,d053,hh0317,h1266
,all,m02,w08,d053,hh0317,h1267
,all,m02,w08,d053,hh0317,h1268
,all,m02,w08,d053,hh0318,h1269
,all,m02,w08,d053,hh0318,h1270
,all,m02,w08,d053,hh0318,h1271
,all,m02,w08,d053,hh0318,h1272
,all,m02,w08,d054,hh0319,h1273
,all,m02,w08,d054,hh0319,h1274
,all,m02,w08,d054,hh0319,h1275
,all,m02,w08,d054,hh0319,h1276
,all,m02,w08,d054,hh0320,h1277
,all,m02,w08,d054,hh0320,h1278
,all,m02,w08,d054,hh0320,h1279
,all,m02,w08,d054,hh0320,h1280
,all,m02,w08,d054,hh0321,h1281
,all,m02,w08,d054,hh0321,h1282
,all,m02,w08,d054,hh0321,h1283
,all,m02,w08,d054,hh0321,h1284
,all,m02,w08,d054,hh0322,h1285
,all,m02,w08,d054,hh0322,h1286
,all,m02,w08,d054,hh0322,h1287
,all,m02,w08,d054,hh0322,h1288
,all,m02,w08,d054,hh0323,h1289
,all,m02,w08,d054,hh0323,h1290
,all,m02,w08,d054,hh0323,h1291
,all,m02,w08,d054,hh0323,h1292
,all,m02,w08,d054,hh0324,h1293
,all,m02,w08,d054,hh0324,h1294
,all,m02,w08,d054,hh0324,h1295
,all,m02,w08,d054,hh0324,h1296
,all,m02,w08,d055,hh0325,h1297
,all,m02,w08,d055,hh0325,h1298
,all,m02,w08,d055,hh0325,h1299
,all,m02,w08,d055,hh0325,h1300
,all,m02,w08,d055,hh0326,h1301
,all,m02,w08,d055,hh0326,h1302
,all,m02,w08,d055,hh0326,h1303
,all,m02,w08,d055,hh0326,h1304
,all,m02,w08,d055,hh0327,h1305
,all,m02,w08,d055,hh0327,h1306
,all,m02,w08,d055,hh0327,h1307
,all,m02,w08,d055,hh0327,h1308
,all,m02,w08,d055,hh0328,h1309
,all,m02,w08,d055,hh0328,h1310
,all,m02,w08,d055,hh0328,h1311
,all,m02,w08,d055,hh0328,h1312
,all,m02,w08,d055,hh0329,h1313
,all,m02,w08,d055,hh0329,h1314
,all,m02,w08,d055,hh0329,h1315
,all,m02,w08,d055,hh0329,h1316
,all,m02,w08,d055,hh0330,h1317
,all,m02,w08,d055,hh0330,h1318
,all,m02,w08,d055,hh0330,h1319
,all,m02,w08,d055,hh0330,h1320
,all,m02,w08,d056,hh0331,h1321
,all,m02,w09,d056,hh0331,h1322
,all,m02,w09,d056,hh0331,h1323
,all,m02,w09,d056,hh0331,h1324
,all,m02,w09,d056,hh0332,h1325
,all,m02,w09,d056,hh0332,h1326
,all,m02,w09,d056,hh0332,h1327
,all,m02,w09,d056,hh0332,h1328
,all,m02,w09,d056,hh0333,h1329
,all,m02,w09,d056,hh0333,h1330
,all,m02,w09,d056,hh0333,h1331
,all,m02,w09,d056,hh0333,h1332
,all,m02,w09,d056,hh0334,h1333
,all,m02,w09,d056,hh0334,h1334
,all,m02,w09,d056,hh0334,h1335
,all,m02,w09,d056,hh0334,h1336
,all,m02,w09,d056,hh0335,h1337
,all,m02,w09,d056,hh0335,h1338
,all,m02,w09,d056,hh0335,h1339
,all,m02,w09,d056,hh0335,h1340
,all,m02,w09,d056,hh0336,h1341
,all,m02,w09,d056,hh0336,h1342
,all,m02,w09,d056,hh0336,h1343
,all,m02,w09,d056,hh0336,h1344
,all,m02,w09,d057,hh0337,h1345
,all,m02,w09,d057,hh0337,h1346
,all,m02,w09,d057,hh0337,h1347
,all,m02,w09,d057,hh0337,h1348
,all,m02,w09,d057,hh0338,h1349
,all,m02,w09,d057,hh0338,h1350
,all,m02,w09,d057,hh0338,h1351
,all,m02,w09,d057,hh0338,h1352
,all,m02,w09,d057,hh0339,h1353
,all,m02,w09,d057,hh0339,h1354
,all,m02,w09,d057,hh0339,h1355
,all,m02,w09,d057,hh0339,h1356
,all,m02,w09,d057,hh0340,h1357
,all,m02,w09,d057,hh0340,h1358
,all,m02,w09,d057,hh0340,h1359
,all,m02,w09,d057,hh0340,h1360
,all,m02,w09,d057,hh0341,h1361
,all,m02,w09,d057,hh0341,h1362
,all,m02,w09,d057,hh0341,h1363
,all,m02,w09,d057,hh0341,h1364
,all,m02,w09,d057,hh0342,h1365
,all,m02,w09,d057,hh0342,h1366
,all,m02,w09,d057,hh0342,h1367
,all,m02,w09,d057,hh0342,h1368
,all,m02,w09,d058,hh0343,h1369
,all,m02,w09,d058,hh0343,h1370
,all,m02,w09,d058,hh0343,h1371
,all,m02,w09,d058,hh0343,h1372
,all,m02,w09,d058,hh0344,h1373
,all,m02,w09,d058,hh0344,h1374
,all,m02,w09,d058,hh0344,h1375
,all,m02,w09,d058,hh0344,h1376
,all,m02,w09,d058,hh0345,h1377
,all,m02,w09,d058,hh0345,h1378
,all,m02,w09,d058,hh0345,h1379
,all,m02,w09,d058,hh0345,h1380
,all,m02,w09,d058,hh0346,h1381
,all,m02,w09,d058,hh0346,h1382
,all,m02,w09,d058,hh0346,h1383
,all,m02,w09,d058,hh0346,h1384
,all,m02,w09,d058,hh0347,h1385
,all,m02,w09,d058,hh0347,h1386
,all,m02,w09,d058,hh0347,h1387
,all,m02,w09,d058,hh0347,h1388
,all,m02,w09,d058,hh0348,h1389
,all,m02,w09,d058,hh0348,h1390
,all,m02,w09,d058,hh0348,h1391
,all,m02,w09,d058,hh0348,h1392
,all,m02,w09,d059,hh0349,h1393
,all,m02,w09,d059,hh0349,h1394
,all,m02,w09,d059,hh0349,h1395
,all,m02,w09,d059,hh0349,h1396
,all,m02,w09,d059,hh0350,h1397
,all,m02,w09,d059,hh0350,h1398
,all,m02,w09,d059,hh0350,h1399
,all,m02,w09,d059,hh0350,h1400
,all,m02,w09,d059,hh0351,h1401
,all,m02,w09,d059,hh0351,h1402
,all,m02,w09,d059,hh0351,h1403
,all,m02,w09,d059,hh0351,h1404
,all,m02,w09,d059,hh0352,h1405
,all,m02,w09,d059,hh0352,h1406
,all,m02,w09,d059,hh0352,h1407
,all,m02,w09,d059,hh0352,h1408
,all,m02,w09,d059,hh0353,h1409
,all,m02,w09,d059,hh0353,h1410
,all,m02,w09,d059,hh0353,h1411
,all,m02,w09,d059,hh0353,h1412
,all,m02,w09,d059,hh0354,h1413
,all,m02,w09,d059,hh0354,h1414
,all,m02,w09,d059,hh0354,h1415
,all,m02,w09,d059,hh0354,h1416
,all,m03,w09,d060,hh0355,h1417
,all,m03,w09,d060,hh0355,h1418
,all,m03,w09,d060,hh0355,h1419
,all,m03,w09,d060,hh0355,h1420
,all,m03,w09,d060,hh0356,h1421
,all,m03,w09,d060,hh0356,h1422
,all,m03,w09,d060,hh0356,h1423
,all,m03,w09,d060,hh0356,h1424
,all,m03,w09,d060,hh0357,h1425
,all,m03,w09,d060,hh0357,h1426
,all,m03,w09,d060,hh0357,h1427
,all,m03,w09,d060,hh0357,h1428
,all,m03,w09,d060,hh0358,h1429
,all,m03,w09,d060,hh0358,h1430
,all,m03,w09,d060,hh0358,h1431
,all,m03,w09,d060,hh0358,h1432
,all,m03,w09,d060,hh0359,h1433
,all,m03,w09,d060,hh0359,h1434
,all,m03,w09,d060,hh0359,h1435
,all,m03,w09,d060,hh0359,h1436
,all,m03,w09,d060,hh0360,h1437
,all,m03,w09,d060,hh0360,h1438
,all,m03,w09,d060,hh0360,h1439
,all,m03,w09,d060,hh0360,h1440
,all,m03,w09,d061,hh0361,h1441
,all,m03,w09,d061,hh0361,h1442
,all,m03,w09,d061,hh0361,h1443
,all,m03,w09,d061,hh0361,h1444
,all,m03,w09,d061,hh0362,h1445
,all,m03,w09,d061,hh0362,h1446
,all,m03,w09,d061,hh0362,h1447
,all,m03,w09,d061,hh0362,h1448
,all,m03,w09,d061,hh0363,h1449
,all,m03,w09,d061,hh0363,h1450
,all,m03,w09,d061,hh0363,h1451
,all,m03,w09,d061,hh0363,h1452
,all,m03,w09,d061,hh0364,h1453
,all,m03,w09,d061,hh0364,h1454
,all,m03,w09,d061,hh0364,h1455
,all,m03,w09,d061,hh0364,h1456
,all,m03,w09,d061,hh0365,h1457
,all,m03,w09,d061,hh0365,h1458
,all,m03,w09,d061,hh0365,h1459
,all,m03,w09,d061,hh0365,h1460
,all,m03,w09,d061,hh0366,h1461
,all,m03,w09,d061,hh0366,h1462
,all,m03,w09,d061,hh0366,h1463
,all,m03,w09,d061,hh0366,h1464
,all,m03,w09,d062,hh0367,h1465
,all,m03,w09,d062,hh0367,h1466
,all,m03,w09,d062,hh0367,h1467
,all,m03,w09,d062,hh0367,h1468
,all,m03,w09,d062,hh0368,h1469
,all,m03,w09,d062,hh0368,h1470
,all,m03,w09,d062,hh0368,h1471
,all,m03,w09,d062,hh0368,h1472
,all,m03,w09,d062,hh0369,h1473
,all,m03,w09,d062,hh0369,h1474
,all,m03,w09,d062,hh0369,h1475
,all,m03,w09,d062,hh0369,h1476
,all,m03,w09,d062,hh0370,h1477
,all,m03,w09,d062,hh0370,h1478
,all,m03,w09,d062,hh0370,h1479
,all,m03,w09,d062,hh0370,h1480
,all,m03,w09,d062,hh0371,h1481
,all,m03,w09,d062,hh0371,h1482
,all,m03,w09,d062,hh0371,h1483
,all,m03,w09,d062,hh0371,h1484
,all,m03,w09,d062,hh0372,h1485
,all,m03,w09,d062,hh0372,h1486
,all,m03,w09,d062,hh0372,h1487
,all,m03,w09,d062,hh0372,h1488
,all,m03,w09,d063,hh0373,h1489
,all,m03,w10,d063,hh0373,h1490
,all,m03,w10,d063,hh0373,h1491
,all,m03,w10,d063,hh0373,h1492
,all,m03,w10,d063,hh0374,h1493
,all,m03,w10,d063,hh0374,h1494
,all,m03,w10,d063,hh0374,h1495
,all,m03,w10,d063,hh0374,h1496
,all,m03,w10,d063,hh0375,h1497
,all,m03,w10,d063,hh0375,h1498
,all,m03,w10,d063,hh0375,h1499
,all,m03,w10,d063,hh0375,h1500
,all,m03,w10,d063,hh0376,h1501
,all,m03,w10,d063,hh0376,h1502
,all,m03,w10,d063,hh0376,h1503
,all,m03,w10,d063,hh0376,h1504
,all,m03,w10,d063,hh0377,h1505
,all,m03,w10,d063,hh0377,h1506
,all,m03,w10,d063,hh0377,h1507
,all,m03,w10,d063,hh0377,h1508
,all,m03,w10,d063,hh0378,h1509
,all,m03,w10,d063,hh0378,h1510
,all,m03,w10,d063,hh0378,h1511
,all,m03,w10,d063,hh0378,h1512
,all,m03,w10,d064,hh0379,h1513
,all,m03,w10,d064,hh0379,h1514
,all,m03,w10,d064,hh0379,h1515
,all,m03,w10,d064,hh0379,h1516
,all,m03,w10,d064,hh0380,h1517
,all,m03,w10,d064,hh0380,h1518
,all,m03,w10,d064,hh0380,h1519
,all,m03,w10,d064,hh0380,h1520
,all,m03,w10,d064,hh0381,h1521
,all,m03,w10,d064,hh0381,h1522
,all,m03,w10,d064,hh0381,h1523
,all,m03,w10,d064,hh0381,h1524
,all,m03,w10,d064,hh0382,h1525
,all,m03,w10,d064,hh0382,h1526
,all,m03,w10,d064,hh0382,h1527
,all,m03,w10,d064,hh0382,h1528
,all,m03,w10,d064,hh0383,h1529
,all,m03,w10,d064,hh0383,h1530
,all,m03,w10,d064,hh0383,h1531
,all,m03,w10,d064,hh0383,h1532
,all,m03,w10,d064,hh0384,h1533
,all,m03,w10,d064,hh0384,h1534
,all,m03,w10,d064,hh0384,h1535
,all,m03,w10,d064,hh0384,h1536
,all,m03,w10,d065,hh0385,h1537
,all,m03,w10,d065,hh0385,h1538
,all,m03,w10,d065,hh0385,h1539
,all,m03,w10,d065,hh0385,h1540
,all,m03,w10,d065,hh0386,h1541
,all,m03,w10,d065,hh0386,h1542
,all,m03,w10,d065,hh0386,h1543
,all,m03,w10,d065,hh0386,h1544
,all,m03,w10,d065,hh0387,h1545
,all,m03,w10,d065,hh0387,h1546
,all,m03,w10,d065,hh0387,h1547
,all,m03,w10,d065,hh0387,h1548
,all,m03,w10,d065,hh0388,h1549
,all,m03,w10,d065,hh0388,h1550
,all,m03,w10,d065,hh0388,h1551
,all,m03,w10,d065,hh0388,h1552
,all,m03,w10,d065,hh0389,h1553
,all,m03,w10,d065,hh0389,h1554
,all,m03,w10,d065,hh0389,h1555
,all,m03,w10,d065,hh0389,h1556
,all,m03,w10,d065,hh0390,h1557
,all,m03,w10,d065,hh0390,h1558
,all,m03,w10,d065,hh0390,h1559
,all,m03,w10,d065,hh0390,h1560
,all,m03,w10,d066,hh0391,h1561
,all,m03,w10,d066,hh0391,h1562
,all,m03,w10,d066,hh0391,h1563
,all,m03,w10,d066,hh0391,h1564
,all,m03,w10,d066,hh0392,h1565
,all,m03,w10,d066,hh0392,h1566
,all,m03,w10,d066,hh0392,h1567
,all,m03,w10,d066,hh0392,h1568
,all,m03,w10,d066,hh0393,h1569
,all,m03,w10,d066,hh0393,h1570
,all,m03,w10,d066,hh0393,h1571
,all,m03,w10,d066,hh0393,h1572
,all,m03,w10,d066,hh0394,h1573
,all,m03,w10,d066,hh0394,h1574
,all,m03,w10,d066,hh0394,h1575
,all,m03,w10,d066,hh0394,h1576
,all,m03,w10,d066,hh0395,h1577
,all,m03,w10,d066,hh0395,h1578
,all,m03,w10,d066,hh0395,h1579
,all,m03,w10,d066,hh0395,h1580
,all,m03,w10,d066,hh0396,h1581
,all,m03,w10,d066,hh0396,h1582
,all,m03,w10,d066,hh0396,h1583
,all,m03,w10,d066,hh0396,h1584
,all,m03,w10,d067,hh0397,h1585
,all,m03,w10,d067,hh0397,h1586
,all,m03,w10,d067,hh0397,h1587
,all,m03,w10,d067,hh0397,h1588
,all,m03,w10,d067,hh0398,h1589
,all,m03,w10,d067,hh0398,h1590
,all,m03,w10,d067,hh0398,h1591
,all,m03,w10,d067,hh0398,h1592
,all,m03,w10,d067,hh0399,h1593
,all,m03,w10,d067,hh0399,h1594
,all,m03,w10,d067,hh0399,h1595
,all,m03,w10,d067,hh0399,h1596
,all,m03,w10,d067,hh0400,h1597
,all,m03,w10,d067,hh0400,h1598
,all,m03,w10,d067,hh0400,h1599
,all,m03,w10,d067,hh0400,h1600
,all,m03,w10,d067,hh0401,h1601
,all,m03,w10,d067,hh0401,h1602
,all,m03,w10,d067,hh0401,h1603
,all,m03,w10,d067,hh0401,h1604
,all,m03,w10,d067,hh0402,h1605
,all,m03,w10,d067,hh0402,h1606
,all,m03,w10,d067,hh0402,h1607
,all,m03,w10,d067,hh0402,h1608
,all,m03,w10,d068,hh0403,h1609
,all,m03,w10,d068,hh0403,h1610
,all,m03,w10,d068,hh0403,h1611
,all,m03,w10,d068,hh0403,h1612
,all,m03,w10,d068,hh0404,h1613
,all,m03,w10,d068,hh0404,h1614
,all,m03,w10,d068,hh0404,h1615
,all,m03,w10,d068,hh0404,h1616
,all,m03,w10,d068,hh0405,h1617
,all,m03,w10,d068,hh0405,h1618
,all,m03,w10,d068,hh0405,h1619
,all,m03,w10,d068,hh0405,h1620
,all,m03,w10,d068,hh0406,h1621
,all,m03,w10,d068,hh0406,h1622
,all,m03,w10,d068,hh0406,h1623
,all,m03,w10,d068,hh0406,h1624
,all,m03,w10,d068,hh0407,h1625
,all,m03,w10,d068,hh0407,h1626
,all,m03,w10,d068,hh0407,h1627
,all,m03,w10,d068,hh0407,h1628
,all,m03,w10,d068,hh0408,h1629
,all,m03,w10,d068,hh0408,h1630
,all,m03,w10,d068,hh0408,h1631
,all,m03,w10,d068,hh0408,h1632
,all,m03,w10,d069,hh0409,h1633
,all,m03,w10,d069,hh0409,h1634
,all,m03,w10,d069,hh0409,h1635
,all,m03,w10,d069,hh0409,h1636
,all,m03,w10,d069,hh0410,h1637
,all,m03,w10,d069,hh0410,h1638
,all,m03,w10,d069,hh0410,h1639
,all,m03,w10,d069,hh0410,h1640
,all,m03,w10,d069,hh0411,h1641
,all,m03,w10,d069,hh0411,h1642
,all,m03,w10,d069,hh0411,h1643
,all,m03,w10,d069,hh0411,h1644
,all,m03,w10,d069,hh0412,h1645
,all,m03,w10,d069,hh0412,h1646
,all,m03,w10,d069,hh0412,h1647
,all,m03,w10,d069,hh0412,h1648
,all,m03,w10,d069,hh0413,h1649
,all,m03,w10,d069,hh0413,h1650
,all,m03,w10,d069,hh0413,h1651
,all,m03,w10,d069,hh0413,h1652
,all,m03,w10,d069,hh0414,h1653
,all,m03,w10,d069,hh0414,h1654
,all,m03,w10,d069,hh0414,h1655
,all,m03,w10,d069,hh0414,h1656
,all,m03,w10,d070,hh0415,h1657
,all,m03,w11,d070,hh0415,h1658
,all,m03,w11,d070,hh0415,h1659
,all,m03,w11,d070,hh0415,h1660
,all,m03,w11,d070,hh0416,h1661
,all,m03,w11,d070,hh0416,h1662
,all,m03,w11,d070,hh0416,h1663
,all,m03,w11,d070,hh0416,h1664
,all,m03,w11,d070,hh0417,h1665
,all,m03,w11,d070,hh0417,h1666
,all,m03,w11,d070,hh0417,h1667
,all,m03,w11,d070,hh0417,h1668
,all,m03,w11,d070,hh0418,h1669
,all,m03,w11,d070,hh0418,h1670
,all,m03,w11,d070,hh0418,h1671
,all,m03,w11,d070,hh0418,h1672
,all,m03,w11,d070,hh0419,h1673
,all,m03,w11,d070,hh0419,h1674
,all,m03,w11,d070,hh0419,h1675
,all,m03,w11,d070,hh0419,h1676
,all,m03,w11,d070,hh0420,h1677
,all,m03,w11,d070,hh0420,h1678
,all,m03,w11,d070,hh0420,h1679
,all,m03,w11,d070,hh0420,h1680
,all,m03,w11,d071,hh0421,h1681
,all,m03,w11,d071,hh0421,h1682
,all,m03,w11,d071,hh0421,h1683
,all,m03,w11,d071,hh0421,h1684
,all,m03,w11,d071,hh0422,h1685
,all,m03,w11,d071,hh0422,h1686
,all,m03,w11,d071,hh0422,h1687
,all,m03,w11,d071,hh0422,h1688
,all,m03,w11,d071,hh0423,h1689
,all,m03,w11,d071,hh0423,h1690
,all,m03,w11,d071,hh0423,h1691
,all,m03,w11,d071,hh0423,h1692
,all,m03,w11,d071,hh0424,h1693
,all,m03,w11,d071,hh0424,h1694
,all,m03,w11,d071,hh0424,h1695
,all,m03,w11,d071,hh0424,h1696
,all,m03,w11,d071,hh0425,h1697
,all,m03,w11,d071,hh0425,h1698
,all,m03,w11,d071,hh0425,h1699
,all,m03,w11,d071,hh0425,h1700
,all,m03,w11,d071,hh0426,h1701
,all,m03,w11,d071,hh0426,h1702
,all,m03,w11,d071,hh0426,h1703
,all,m03,w11,d071,hh0426,h1704
,all,m03,w11,d072,hh0427,h1705
,all,m03,w11,d072,hh0427,h1706
,all,m03,w11,d072,hh0427,h1707
,all,m03,w11,d072,hh0427,h1708
,all,m03,w11,d072,hh0428,h1709
,all,m03,w11,d072,hh0428,h1710
,all,m03,w11,d072,hh0428,h1711
,all,m03,w11,d072,hh0428,h1712
,all,m03,w11,d072,hh0429,h1713
,all,m03,w11,d072,hh0429,h1714
,all,m03,w11,d072,hh0429,h1715
,all,m03,w11,d072,hh0429,h1716
,all,m03,w11,d072,hh0430,h1717
,all,m03,w11,d072,hh0430,h1718
,all,m03,w11,d072,hh0430,h1719
,all,m03,w11,d072,hh0430,h1720
,all,m03,w11,d072,hh0431,h1721
,all,m03,w11,d072,hh0431,h1722
,all,m03,w11,d072,hh0431,h1723
,all,m03,w11,d072,hh0431,h1724
,all,m03,w11,d072,hh0432,h1725
,all,m03,w11,d072,hh0432,h1726
,all,m03,w11,d072,hh0432,h1727
,all,m03,w11,d072,hh0432,h1728
,all,m03,w11,d073,hh0433,h1729
,all,m03,w11,d073,hh0433,h1730
,all,m03,w11,d073,hh0433,h1731
,all,m03,w11,d073,hh0433,h1732
,all,m03,w11,d073,hh0434,h1733
,all,m03,w11,d073,hh0434,h1734
,all,m03,w11,d073,hh0434,h1735
,all,m03,w11,d073,hh0434,h1736
,all,m03,w11,d073,hh0435,h1737
,all,m03,w11,d073,hh0435,h1738
,all,m03,w11,d073,hh0435,h1739
,all,m03,w11,d073,hh0435,h1740
,all,m03,w11,d073,hh0436,h1741
,all,m03,w11,d073,hh0436,h1742
,all,m03,w11,d073,hh0436,h1743
,all,m03,w11,d073,hh0436,h1744
,all,m03,w11,d073,hh0437,h1745
,all,m03,w11,d073,hh0437,h1746
,all,m03,w11,d073,hh0437,h1747
,all,m03,w11,d073,hh0437,h1748
,all,m03,w11,d073,hh0438,h1749
,all,m03,w11,d073,hh0438,h1750
,all,m03,w11,d073,hh0438,h1751
,all,m03,w11,d073,hh0438,h1752
