timestep_3,region_1,technology_1,parameter,value
d001,AT,solar,avaConv,0.0
d002,AT,solar,avaConv,0.0387749737500769
d003,AT,solar,avaConv,0.06443165174408823
d004,AT,solar,avaConv,0.16475619906158434
d005,AT,solar,avaConv,0.3713858707900365
d006,AT,solar,avaConv,0.4766995990770113
d007,AT,solar,avaConv,0.4652277835301381
d008,AT,solar,avaConv,0.212016770706811
d009,AT,solar,avaConv,0.12868062335871583
d010,AT,solar,avaConv,0.07142821596092383
d011,AT,solar,avaConv,0.03877657589623246
d012,AT,solar,avaConv,0.13448372538451892
d013,AT,solar,avaConv,0.20627047927244901
d014,AT,solar,avaConv,0.13305369833955105
d015,AT,solar,avaConv,0.18644231492659366
d016,AT,solar,avaConv,0.18416371562241174
d017,AT,solar,avaConv,0.2445503214327977
d018,AT,solar,avaConv,0.3807677326393193
d019,AT,solar,avaConv,0.37146903450727803
d020,AT,solar,avaConv,0.2684922469820214
d021,AT,solar,avaConv,0.20432206442887169
d022,AT,solar,avaConv,0.18686744769695532
d023,AT,solar,avaConv,0.2489715100769348
d024,AT,solar,avaConv,0.2577426242442642
d025,AT,solar,avaConv,0.41781085998159595
d026,AT,solar,avaConv,0.3258113557114765
d027,AT,solar,avaConv,0.21675291548130216
d028,AT,solar,avaConv,0.21636119209325202
d029,AT,solar,avaConv,0.16650011543445284
d030,AT,solar,avaConv,0.18106525275910074
d031,AT,solar,avaConv,0.16262459675199514
d032,AT,solar,avaConv,0.17555604652066176
d033,AT,solar,avaConv,0.14484186905889015
d034,AT,solar,avaConv,0.1675081657186422
d035,AT,solar,avaConv,0.16773311879929514
d036,AT,solar,avaConv,0.14955076730979505
d037,AT,solar,avaConv,0.21353115713843562
d038,AT,solar,avaConv,0.11580101121153907
d039,AT,solar,avaConv,0.298327655925184
d040,AT,solar,avaConv,0.156486674900635
d041,AT,solar,avaConv,0.4502271719408827
d042,AT,solar,avaConv,0.23466050214075954
d043,AT,solar,avaConv,0.1413631091282268
d044,AT,solar,avaConv,0.22656956164353476
d045,AT,solar,avaConv,0.46913981636810026
d046,AT,solar,avaConv,0.34779902188250317
d047,AT,solar,avaConv,0.1860834158749311
d048,AT,solar,avaConv,0.07536425503876641
d049,AT,solar,avaConv,0.06378956369368197
d050,AT,solar,avaConv,0.18764031241952034
d051,AT,solar,avaConv,0.2637790832814123
d052,AT,solar,avaConv,0.10834230923550128
d053,AT,solar,avaConv,0.20267473709509895
d054,AT,solar,avaConv,0.2815911634063248
d055,AT,solar,avaConv,0.16397314934235274
d056,AT,solar,avaConv,0.2695739874505012
d057,AT,solar,avaConv,0.13054908160942091
d058,AT,solar,avaConv,0.1825411229594146
d059,AT,solar,avaConv,0.15246785326328363
d060,AT,solar,avaConv,0.1538617257998048
d061,AT,solar,avaConv,0.1697571257707965
d062,AT,solar,avaConv,0.18564059278571465
d063,AT,solar,avaConv,0.3097989836149375
d064,AT,solar,avaConv,0.2865968602827415
d065,AT,solar,avaConv,0.2245118756271827
d066,AT,solar,avaConv,0.3318267262035339
d067,AT,solar,avaConv,0.30394771297366036
d068,AT,solar,avaConv,0.2962575811105437
d069,AT,solar,avaConv,0.26853651492088465
d070,AT,solar,avaConv,0.10296394832884707
d071,AT,solar,avaConv,0.26254365221473536
d072,AT,solar,avaConv,0.32200999319829937
d073,AT,solar,avaConv,0.4221034460114092
d074,AT,solar,avaConv,0.43474760378742117
d075,AT,solar,avaConv,0.16858540040938105
d076,AT,solar,avaConv,0.23867119957293206
d077,AT,solar,avaConv,0.3314426573712531
d078,AT,solar,avaConv,0.306783681001967
d079,AT,solar,avaConv,0.11247517138941335
d080,AT,solar,avaConv,0.29179605863977626
d081,AT,solar,avaConv,0.4374810010313405
d082,AT,solar,avaConv,0.32860815750701616
d083,AT,solar,avaConv,0.3832950377675949
d084,AT,solar,avaConv,0.3906688954625313
d085,AT,solar,avaConv,0.18514822894475114
d086,AT,solar,avaConv,0.2895691646791855
d087,AT,solar,avaConv,0.433442546801322
d088,AT,solar,avaConv,0.46906246666260043
d089,AT,solar,avaConv,0.5481292536890966
d090,AT,solar,avaConv,0.5229132077175452
d091,AT,solar,avaConv,0.49026810134415655
d092,AT,solar,avaConv,0.32008560469000236
d093,AT,solar,avaConv,0.3007554626448347
d094,AT,solar,avaConv,0.2616646401311025
d095,AT,solar,avaConv,0.41687506267001934
d096,AT,solar,avaConv,0.10215246838161532
d097,AT,solar,avaConv,0.23768957379050243
d098,AT,solar,avaConv,0.29025766694655064
d099,AT,solar,avaConv,0.3229284891192377
d100,AT,solar,avaConv,0.23882849011302956
d101,AT,solar,avaConv,0.4470969844259161
d102,AT,solar,avaConv,0.2790604556156908
d103,AT,solar,avaConv,0.30365668255477096
d104,AT,solar,avaConv,0.4697103676923866
d105,AT,solar,avaConv,0.40972463678212356
d106,AT,solar,avaConv,0.41541568137914986
d107,AT,solar,avaConv,0.37553656379751266
d108,AT,solar,avaConv,0.36389386723903655
d109,AT,solar,avaConv,0.2885725699021155
d110,AT,solar,avaConv,0.3671579996449083
d111,AT,solar,avaConv,0.24333620088486801
d112,AT,solar,avaConv,0.36212762158743744
d113,AT,solar,avaConv,0.2534309290658475
d114,AT,solar,avaConv,0.3045980981958647
d115,AT,solar,avaConv,0.2048586873946298
d116,AT,solar,avaConv,0.2167950916476148
d117,AT,solar,avaConv,0.18442080184291096
d118,AT,solar,avaConv,0.1935843426955692
d119,AT,solar,avaConv,0.19032739882846367
d120,AT,solar,avaConv,0.360610554629946
d121,AT,solar,avaConv,0.3338630082425839
d122,AT,solar,avaConv,0.18724850471079202
d123,AT,solar,avaConv,0.2932580344044396
d124,AT,solar,avaConv,0.33872257230185054
d125,AT,solar,avaConv,0.33307673676376065
d126,AT,solar,avaConv,0.2934110782687816
d127,AT,solar,avaConv,0.3753935336322624
d128,AT,solar,avaConv,0.3057277560975722
d129,AT,solar,avaConv,0.22595831357378798
d130,AT,solar,avaConv,0.24295476168590352
d131,AT,solar,avaConv,0.2955497555520366
d132,AT,solar,avaConv,0.33451532218147745
d133,AT,solar,avaConv,0.3323603321355659
d134,AT,solar,avaConv,0.2789523870557273
d135,AT,solar,avaConv,0.387078285999824
d136,AT,solar,avaConv,0.3539402896465748
d137,AT,solar,avaConv,0.20133783680885842
d138,AT,solar,avaConv,0.3871132917736912
d139,AT,solar,avaConv,0.19393539312182137
d140,AT,solar,avaConv,0.44533589739205154
d141,AT,solar,avaConv,0.16285459885930437
d142,AT,solar,avaConv,0.3093291084211419
d143,AT,solar,avaConv,0.19983751166676067
d144,AT,solar,avaConv,0.305235322417448
d145,AT,solar,avaConv,0.2230867650543469
d146,AT,solar,avaConv,0.2768432229681926
d147,AT,solar,avaConv,0.31190013830332536
d148,AT,solar,avaConv,0.3319620886773554
d149,AT,solar,avaConv,0.20068793669177898
d150,AT,solar,avaConv,0.22553495351795116
d151,AT,solar,avaConv,0.22816195545708143
d152,AT,solar,avaConv,0.2266254630281026
d153,AT,solar,avaConv,0.27277996669254573
d154,AT,solar,avaConv,0.2656698175399028
d155,AT,solar,avaConv,0.3164425978993924
d156,AT,solar,avaConv,0.2584230421119976
d157,AT,solar,avaConv,0.15808835500105642
d158,AT,solar,avaConv,0.1828394453918941
d159,AT,solar,avaConv,0.22652224696044337
d160,AT,solar,avaConv,0.3397587673859679
d161,AT,solar,avaConv,0.3012301129232956
d162,AT,solar,avaConv,0.17956909579710387
d163,AT,solar,avaConv,0.16186021358389824
d164,AT,solar,avaConv,0.2601117818737885
d165,AT,solar,avaConv,0.2580607292519675
d166,AT,solar,avaConv,0.32464232648076563
d167,AT,solar,avaConv,0.3297610846014047
d168,AT,solar,avaConv,0.32983184602153726
d169,AT,solar,avaConv,0.25600782304755965
d170,AT,solar,avaConv,0.2685785964945832
d171,AT,solar,avaConv,0.31574403202599227
d172,AT,solar,avaConv,0.3281134560146956
d173,AT,solar,avaConv,0.3459097645483257
d174,AT,solar,avaConv,0.3299941281816595
d175,AT,solar,avaConv,0.3235057186088451
d176,AT,solar,avaConv,0.29645951900711115
d177,AT,solar,avaConv,0.29184965888972636
d178,AT,solar,avaConv,0.3199618433645359
d179,AT,solar,avaConv,0.28606948179131575
d180,AT,solar,avaConv,0.2829315692556355
d181,AT,solar,avaConv,0.2594357862548683
d182,AT,solar,avaConv,0.18706200931622805
d183,AT,solar,avaConv,0.2714200464100707
d184,AT,solar,avaConv,0.33356738961802074
d185,AT,solar,avaConv,0.2856303870695001
d186,AT,solar,avaConv,0.2793210750074867
d187,AT,solar,avaConv,0.25900450386362034
d188,AT,solar,avaConv,0.2910874548180527
d189,AT,solar,avaConv,0.250751217982457
d190,AT,solar,avaConv,0.16968996545821394
d191,AT,solar,avaConv,0.3565411203771777
d192,AT,solar,avaConv,0.34112574961083597
d193,AT,solar,avaConv,0.3003811592236202
d194,AT,solar,avaConv,0.25977978195722906
d195,AT,solar,avaConv,0.2762571289815206
d196,AT,solar,avaConv,0.3526447831300098
d197,AT,solar,avaConv,0.3213625603956919
d198,AT,solar,avaConv,0.3298311125439388
d199,AT,solar,avaConv,0.23414400607656224
d200,AT,solar,avaConv,0.28479181467075354
d201,AT,solar,avaConv,0.2823853658829786
d202,AT,solar,avaConv,0.23728834309813435
d203,AT,solar,avaConv,0.2472872520841324
d204,AT,solar,avaConv,0.29379555060486073
d205,AT,solar,avaConv,0.22863293161909315
d206,AT,solar,avaConv,0.2629048011455449
d207,AT,solar,avaConv,0.2985031203376907
d208,AT,solar,avaConv,0.2709217134474921
d209,AT,solar,avaConv,0.27006422953979614
d210,AT,solar,avaConv,0.2891655932801388
d211,AT,solar,avaConv,0.26917706316891293
d212,AT,solar,avaConv,0.19388272676834364
d213,AT,solar,avaConv,0.22278871571683298
d214,AT,solar,avaConv,0.2638822939191765
d215,AT,solar,avaConv,0.1272808697031564
d216,AT,solar,avaConv,0.26082020984071663
d217,AT,solar,avaConv,0.2878000878191531
d218,AT,solar,avaConv,0.3560127169599626
d219,AT,solar,avaConv,0.32590186194398263
d220,AT,solar,avaConv,0.29349733387811705
d221,AT,solar,avaConv,0.2976257616921458
d222,AT,solar,avaConv,0.23437872015902794
d223,AT,solar,avaConv,0.27668172735097096
d224,AT,solar,avaConv,0.27937895257066936
d225,AT,solar,avaConv,0.12437021359659095
d226,AT,solar,avaConv,0.335484623662216
d227,AT,solar,avaConv,0.34591415189551844
d228,AT,solar,avaConv,0.26931430712948784
d229,AT,solar,avaConv,0.28418350743605025
d230,AT,solar,avaConv,0.28933469170006443
d231,AT,solar,avaConv,0.2999967787912005
d232,AT,solar,avaConv,0.34922153681271595
d233,AT,solar,avaConv,0.3439526029392647
d234,AT,solar,avaConv,0.33462100196556976
d235,AT,solar,avaConv,0.3395487884930509
d236,AT,solar,avaConv,0.343731166233677
d237,AT,solar,avaConv,0.3029384850349755
d238,AT,solar,avaConv,0.2626527744049768
d239,AT,solar,avaConv,0.2900286875243554
d240,AT,solar,avaConv,0.2765669006478545
d241,AT,solar,avaConv,0.2915925473068133
d242,AT,solar,avaConv,0.2817171948578652
d243,AT,solar,avaConv,0.26498598571371446
d244,AT,solar,avaConv,0.22846082777959006
d245,AT,solar,avaConv,0.14763987038350362
d246,AT,solar,avaConv,0.2755244439226964
d247,AT,solar,avaConv,0.21085955111291318
d248,AT,solar,avaConv,0.26251081582681923
d249,AT,solar,avaConv,0.13992385277468772
d250,AT,solar,avaConv,0.4063992578518432
d251,AT,solar,avaConv,0.2581866573239103
d252,AT,solar,avaConv,0.3609538278637438
d253,AT,solar,avaConv,0.3518424948112484
d254,AT,solar,avaConv,0.2714536064422825
d255,AT,solar,avaConv,0.39821006271607734
d256,AT,solar,avaConv,0.3480008155571665
d257,AT,solar,avaConv,0.12649730341856144
d258,AT,solar,avaConv,0.1721676660661414
d259,AT,solar,avaConv,0.3620433514536135
d260,AT,solar,avaConv,0.3701595466835536
d261,AT,solar,avaConv,0.3357463315862064
d262,AT,solar,avaConv,0.33024734672114414
d263,AT,solar,avaConv,0.3080328501856644
d264,AT,solar,avaConv,0.3066849868994959
d265,AT,solar,avaConv,0.31660596110364286
d266,AT,solar,avaConv,0.2904262745533781
d267,AT,solar,avaConv,0.16478904608820272
d268,AT,solar,avaConv,0.2880703559113449
d269,AT,solar,avaConv,0.29822914458977984
d270,AT,solar,avaConv,0.16273439547254517
d271,AT,solar,avaConv,0.0867057707475321
d272,AT,solar,avaConv,0.07384039278500053
d273,AT,solar,avaConv,0.09644944483022276
d274,AT,solar,avaConv,0.0761514337490338
d275,AT,solar,avaConv,0.07409774278469537
d276,AT,solar,avaConv,0.3588652287018539
d277,AT,solar,avaConv,0.39769665008735905
d278,AT,solar,avaConv,0.3524989376867942
d279,AT,solar,avaConv,0.3542488741412831
d280,AT,solar,avaConv,0.34996257211657555
d281,AT,solar,avaConv,0.3754905273251144
d282,AT,solar,avaConv,0.3588662488699475
d283,AT,solar,avaConv,0.3095217569447361
d284,AT,solar,avaConv,0.2087412092193802
d285,AT,solar,avaConv,0.23359352811128675
d286,AT,solar,avaConv,0.20560826891411838
d287,AT,solar,avaConv,0.2163429138954192
d288,AT,solar,avaConv,0.12800474746179907
d289,AT,solar,avaConv,0.43010454977913276
d290,AT,solar,avaConv,0.4316635298107727
d291,AT,solar,avaConv,0.43522773648279084
d292,AT,solar,avaConv,0.42865501128961053
d293,AT,solar,avaConv,0.41443241398101877
d294,AT,solar,avaConv,0.3449474155951776
d295,AT,solar,avaConv,0.2515673501996759
d296,AT,solar,avaConv,0.3016735544711433
d297,AT,solar,avaConv,0.24269448982279163
d298,AT,solar,avaConv,0.16646263722708823
d299,AT,solar,avaConv,0.1460039003508908
d300,AT,solar,avaConv,0.1019920785125454
d301,AT,solar,avaConv,0.2526663900060068
d302,AT,solar,avaConv,0.41683223824744414
d303,AT,solar,avaConv,0.4140274104136236
d304,AT,solar,avaConv,0.14055790735880058
d305,AT,solar,avaConv,0.10502212987886786
d306,AT,solar,avaConv,0.0897455390484629
d307,AT,solar,avaConv,0.19072705141450402
d308,AT,solar,avaConv,0.22460586972412647
d309,AT,solar,avaConv,0.15231952349622138
d310,AT,solar,avaConv,0.2119080253262818
d311,AT,solar,avaConv,0.13231887790737326
d312,AT,solar,avaConv,0.1778892680693973
d313,AT,solar,avaConv,0.3251790540043979
d314,AT,solar,avaConv,0.16481841706214106
d315,AT,solar,avaConv,0.1587316836696503
d316,AT,solar,avaConv,0.12125416100482096
d317,AT,solar,avaConv,0.31908910326632167
d318,AT,solar,avaConv,0.15111838359222224
d319,AT,solar,avaConv,0.11360907075854136
d320,AT,solar,avaConv,0.11819968693885322
d321,AT,solar,avaConv,0.09681106998435574
d322,AT,solar,avaConv,0.08437106271541828
d323,AT,solar,avaConv,0.27763709839185735
d324,AT,solar,avaConv,0.18613815271731102
d325,AT,solar,avaConv,0.11105396605939613
d326,AT,solar,avaConv,0.1378901871195591
d327,AT,solar,avaConv,0.0976167334279988
d328,AT,solar,avaConv,0.057537200822113194
d329,AT,solar,avaConv,0.13265536020630123
d330,AT,solar,avaConv,0.0976467805431656
d331,AT,solar,avaConv,0.12486109477553352
d332,AT,solar,avaConv,0.1789544777047831
d333,AT,solar,avaConv,0.10411440469857655
d334,AT,solar,avaConv,0.06099344224597971
d335,AT,solar,avaConv,0.1930016524102194
d336,AT,solar,avaConv,0.15922040622478972
d337,AT,solar,avaConv,0.11432899003318321
d338,AT,solar,avaConv,0.15520497861438987
d339,AT,solar,avaConv,0.1308122342439388
d340,AT,solar,avaConv,0.1322710505950927
d341,AT,solar,avaConv,0.12823246593041898
d342,AT,solar,avaConv,0.23757160990884585
d343,AT,solar,avaConv,0.2168703268783067
d344,AT,solar,avaConv,0.14307497819281192
d345,AT,solar,avaConv,0.14536339168175458
d346,AT,solar,avaConv,0.16336309852415792
d347,AT,solar,avaConv,0.10173913095764409
d348,AT,solar,avaConv,0.20516330696165838
d349,AT,solar,avaConv,0.39256339201853385
d350,AT,solar,avaConv,0.31927205630128713
d351,AT,solar,avaConv,0.08965309911558092
d352,AT,solar,avaConv,0.10077673253016049
d353,AT,solar,avaConv,0.16984607813275332
d354,AT,solar,avaConv,0.11509942630080659
d355,AT,solar,avaConv,0.04530099492704367
d356,AT,solar,avaConv,0.1979817852492449
d357,AT,solar,avaConv,0.09458983943409424
d358,AT,solar,avaConv,0.08187067466742301
d359,AT,solar,avaConv,0.18657533389885347
d360,AT,solar,avaConv,0.07769273656397489
d361,AT,solar,avaConv,0.254549677967564
d362,AT,solar,avaConv,0.16827550370523486
d363,AT,solar,avaConv,0.20610664980693824
d364,AT,solar,avaConv,0.2021066960915596
d365,AT,solar,avaConv,0.20891985184735293
d001,BE,solar,avaConv,0.0
d002,BE,solar,avaConv,0.009475146338546882
d003,BE,solar,avaConv,0.027182992462919588
d004,BE,solar,avaConv,0.1156131250778559
d005,BE,solar,avaConv,0.298929160141846
d006,BE,solar,avaConv,0.1772201182918082
d007,BE,solar,avaConv,0.027325750457577923
d008,BE,solar,avaConv,0.01803121288692772
d009,BE,solar,avaConv,0.03157260697847768
d010,BE,solar,avaConv,0.11103805087484124
d011,BE,solar,avaConv,0.030371039444931254
d012,BE,solar,avaConv,0.1028620079405574
d013,BE,solar,avaConv,0.022472246915401586
d014,BE,solar,avaConv,0.023408279277559247
d015,BE,solar,avaConv,0.025876415837143323
d016,BE,solar,avaConv,0.2067748976066907
d017,BE,solar,avaConv,0.03786877375249581
d018,BE,solar,avaConv,0.29081066899168795
d019,BE,solar,avaConv,0.2402803879961659
d020,BE,solar,avaConv,0.0662937711257759
d021,BE,solar,avaConv,0.05218790589855791
d022,BE,solar,avaConv,0.05018535757138075
d023,BE,solar,avaConv,0.050637831266708344
d024,BE,solar,avaConv,0.3068950909036008
d025,BE,solar,avaConv,0.1494076250657699
d026,BE,solar,avaConv,0.08299508398088928
d027,BE,solar,avaConv,0.04510891990392166
d028,BE,solar,avaConv,0.08476525622025163
d029,BE,solar,avaConv,0.08364356383491758
d030,BE,solar,avaConv,0.07445453784625142
d031,BE,solar,avaConv,0.15775085738281264
d032,BE,solar,avaConv,0.05419483333962823
d033,BE,solar,avaConv,0.06657195987730886
d034,BE,solar,avaConv,0.10039523855377028
d035,BE,solar,avaConv,0.04979271548266826
d036,BE,solar,avaConv,0.04617080347238934
d037,BE,solar,avaConv,0.15536507063150645
d038,BE,solar,avaConv,0.33890754779102034
d039,BE,solar,avaConv,0.22325163525610905
d040,BE,solar,avaConv,0.07689255129495343
d041,BE,solar,avaConv,0.18743802069079796
d042,BE,solar,avaConv,0.03586052137722111
d043,BE,solar,avaConv,0.22597144040860567
d044,BE,solar,avaConv,0.4228820963231527
d045,BE,solar,avaConv,0.2549695901394192
d046,BE,solar,avaConv,0.12204819006513438
d047,BE,solar,avaConv,0.029276708734928585
d048,BE,solar,avaConv,0.02229272355673844
d049,BE,solar,avaConv,0.04076262993046747
d050,BE,solar,avaConv,0.12511488636869436
d051,BE,solar,avaConv,0.04180549313324854
d052,BE,solar,avaConv,0.04446275448927126
d053,BE,solar,avaConv,0.1707020371742048
d054,BE,solar,avaConv,0.24067045475696264
d055,BE,solar,avaConv,0.05074748691179026
d056,BE,solar,avaConv,0.09639222197827772
d057,BE,solar,avaConv,0.05484209580013696
d058,BE,solar,avaConv,0.14126167311430976
d059,BE,solar,avaConv,0.05960481174396367
d060,BE,solar,avaConv,0.0479900241057332
d061,BE,solar,avaConv,0.07261741177063961
d062,BE,solar,avaConv,0.2371074123906142
d063,BE,solar,avaConv,0.1987543525429232
d064,BE,solar,avaConv,0.16192463336468987
d065,BE,solar,avaConv,0.20862434531453772
d066,BE,solar,avaConv,0.1448129935385301
d067,BE,solar,avaConv,0.08586804581627312
d068,BE,solar,avaConv,0.2477892959484012
d069,BE,solar,avaConv,0.04775873835167402
d070,BE,solar,avaConv,0.07357112209312901
d071,BE,solar,avaConv,0.09248393285513348
d072,BE,solar,avaConv,0.3182278280192814
d073,BE,solar,avaConv,0.2940352842023673
d074,BE,solar,avaConv,0.27533224703726533
d075,BE,solar,avaConv,0.12441645825072847
d076,BE,solar,avaConv,0.0829950370500918
d077,BE,solar,avaConv,0.17656486490247633
d078,BE,solar,avaConv,0.1821655225702944
d079,BE,solar,avaConv,0.3792642492746285
d080,BE,solar,avaConv,0.261811865288138
d081,BE,solar,avaConv,0.302235208861614
d082,BE,solar,avaConv,0.22014627740001824
d083,BE,solar,avaConv,0.23184434438458457
d084,BE,solar,avaConv,0.10520742346433623
d085,BE,solar,avaConv,0.11265167958365681
d086,BE,solar,avaConv,0.3643231959788148
d087,BE,solar,avaConv,0.4639146516159046
d088,BE,solar,avaConv,0.4608743887547617
d089,BE,solar,avaConv,0.39346827355513425
d090,BE,solar,avaConv,0.34744531763862396
d091,BE,solar,avaConv,0.24059949443931633
d092,BE,solar,avaConv,0.3142998979645444
d093,BE,solar,avaConv,0.11396039040755038
d094,BE,solar,avaConv,0.35354528393700935
d095,BE,solar,avaConv,0.21672193027150982
d096,BE,solar,avaConv,0.3395784861614836
d097,BE,solar,avaConv,0.16846929713759679
d098,BE,solar,avaConv,0.39896837959301956
d099,BE,solar,avaConv,0.15499544194954556
d100,BE,solar,avaConv,0.314774043045003
d101,BE,solar,avaConv,0.15818918378645175
d102,BE,solar,avaConv,0.25128856803727634
d103,BE,solar,avaConv,0.2737637120863027
d104,BE,solar,avaConv,0.2600851464494237
d105,BE,solar,avaConv,0.22449871885700468
d106,BE,solar,avaConv,0.2661899112752528
d107,BE,solar,avaConv,0.33262665057340746
d108,BE,solar,avaConv,0.3389103056913265
d109,BE,solar,avaConv,0.38880463464166537
d110,BE,solar,avaConv,0.20726407881514514
d111,BE,solar,avaConv,0.1620864474990921
d112,BE,solar,avaConv,0.2628140875985602
d113,BE,solar,avaConv,0.21462809068383235
d114,BE,solar,avaConv,0.3403207303306875
d115,BE,solar,avaConv,0.3579714657887253
d116,BE,solar,avaConv,0.34825896373061943
d117,BE,solar,avaConv,0.27899479338118555
d118,BE,solar,avaConv,0.24493179027298426
d119,BE,solar,avaConv,0.26933418786561114
d120,BE,solar,avaConv,0.155099461119053
d121,BE,solar,avaConv,0.2773842852247465
d122,BE,solar,avaConv,0.19954732756288368
d123,BE,solar,avaConv,0.13415000995767307
d124,BE,solar,avaConv,0.25373772150993423
d125,BE,solar,avaConv,0.44161835712567016
d126,BE,solar,avaConv,0.42409060926234643
d127,BE,solar,avaConv,0.32654395818048254
d128,BE,solar,avaConv,0.3829095178999947
d129,BE,solar,avaConv,0.40041213261481207
d130,BE,solar,avaConv,0.1888228327129854
d131,BE,solar,avaConv,0.3054353513021549
d132,BE,solar,avaConv,0.3176538228868366
d133,BE,solar,avaConv,0.30388726123637666
d134,BE,solar,avaConv,0.3517370502898454
d135,BE,solar,avaConv,0.31611208898017684
d136,BE,solar,avaConv,0.24510239459255412
d137,BE,solar,avaConv,0.10810318954531273
d138,BE,solar,avaConv,0.09868893693859437
d139,BE,solar,avaConv,0.4490308253027349
d140,BE,solar,avaConv,0.17841906879745892
d141,BE,solar,avaConv,0.20540807051845192
d142,BE,solar,avaConv,0.3508359639966002
d143,BE,solar,avaConv,0.43315525054336046
d144,BE,solar,avaConv,0.4214714557843906
d145,BE,solar,avaConv,0.40002300727533874
d146,BE,solar,avaConv,0.3597540852945077
d147,BE,solar,avaConv,0.3085351092374597
d148,BE,solar,avaConv,0.2642217375180488
d149,BE,solar,avaConv,0.32289943203622806
d150,BE,solar,avaConv,0.3351372752688584
d151,BE,solar,avaConv,0.32452152658811395
d152,BE,solar,avaConv,0.2648560792449056
d153,BE,solar,avaConv,0.27452216332281903
d154,BE,solar,avaConv,0.26252111687706703
d155,BE,solar,avaConv,0.287050184017846
d156,BE,solar,avaConv,0.2729443979597063
d157,BE,solar,avaConv,0.3922895364831166
d158,BE,solar,avaConv,0.3565055672463216
d159,BE,solar,avaConv,0.21778778734350643
d160,BE,solar,avaConv,0.2796156130186171
d161,BE,solar,avaConv,0.23136169958110603
d162,BE,solar,avaConv,0.17006218808249182
d163,BE,solar,avaConv,0.21645287252958884
d164,BE,solar,avaConv,0.3233061089788202
d165,BE,solar,avaConv,0.34150622330355584
d166,BE,solar,avaConv,0.2539835097589681
d167,BE,solar,avaConv,0.2874396487563282
d168,BE,solar,avaConv,0.30186753853900783
d169,BE,solar,avaConv,0.2999392135644881
d170,BE,solar,avaConv,0.2608986427784802
d171,BE,solar,avaConv,0.2668450279196373
d172,BE,solar,avaConv,0.2438847423953477
d173,BE,solar,avaConv,0.25671066040463486
d174,BE,solar,avaConv,0.29761893504121717
d175,BE,solar,avaConv,0.2873201918443787
d176,BE,solar,avaConv,0.2860133794794602
d177,BE,solar,avaConv,0.3338936835385999
d178,BE,solar,avaConv,0.2746634299638137
d179,BE,solar,avaConv,0.299794668574521
d180,BE,solar,avaConv,0.21931429813379394
d181,BE,solar,avaConv,0.3233716482846377
d182,BE,solar,avaConv,0.24415405505299045
d183,BE,solar,avaConv,0.2930683882934478
d184,BE,solar,avaConv,0.2437004922048
d185,BE,solar,avaConv,0.28547266413810746
d186,BE,solar,avaConv,0.3081570313723845
d187,BE,solar,avaConv,0.29179587222290787
d188,BE,solar,avaConv,0.22340208306696724
d189,BE,solar,avaConv,0.32277206876856934
d190,BE,solar,avaConv,0.3285372083619461
d191,BE,solar,avaConv,0.25663782061742757
d192,BE,solar,avaConv,0.14196812139559747
d193,BE,solar,avaConv,0.3493418061020936
d194,BE,solar,avaConv,0.2466375959624849
d195,BE,solar,avaConv,0.27348703379053946
d196,BE,solar,avaConv,0.3460567237818949
d197,BE,solar,avaConv,0.20467217573430707
d198,BE,solar,avaConv,0.1645850754731559
d199,BE,solar,avaConv,0.21450595157484917
d200,BE,solar,avaConv,0.22952003547546154
d201,BE,solar,avaConv,0.29868195770519423
d202,BE,solar,avaConv,0.15128443758772753
d203,BE,solar,avaConv,0.2308604139621159
d204,BE,solar,avaConv,0.31529949578832006
d205,BE,solar,avaConv,0.27451996416090635
d206,BE,solar,avaConv,0.3101574964485275
d207,BE,solar,avaConv,0.17783984172033934
d208,BE,solar,avaConv,0.28816452084824806
d209,BE,solar,avaConv,0.33294143525731457
d210,BE,solar,avaConv,0.28462066681099885
d211,BE,solar,avaConv,0.2287942321650993
d212,BE,solar,avaConv,0.3268114042272253
d213,BE,solar,avaConv,0.323810543288159
d214,BE,solar,avaConv,0.27013676830755184
d215,BE,solar,avaConv,0.29837970247372064
d216,BE,solar,avaConv,0.27767648801820144
d217,BE,solar,avaConv,0.19321267954809085
d218,BE,solar,avaConv,0.29519670327298864
d219,BE,solar,avaConv,0.1706604018324676
d220,BE,solar,avaConv,0.26922709153278757
d221,BE,solar,avaConv,0.12654730322807833
d222,BE,solar,avaConv,0.34264141895840994
d223,BE,solar,avaConv,0.30028307281416605
d224,BE,solar,avaConv,0.25112026621861916
d225,BE,solar,avaConv,0.35583563337004026
d226,BE,solar,avaConv,0.3579379350457933
d227,BE,solar,avaConv,0.3552895589525023
d228,BE,solar,avaConv,0.20647514577395976
d229,BE,solar,avaConv,0.21267194988478652
d230,BE,solar,avaConv,0.26172159795872474
d231,BE,solar,avaConv,0.33255565028978323
d232,BE,solar,avaConv,0.32142392130132513
d233,BE,solar,avaConv,0.3135883443377826
d234,BE,solar,avaConv,0.28712054560575845
d235,BE,solar,avaConv,0.2720518780091751
d236,BE,solar,avaConv,0.27612516535920906
d237,BE,solar,avaConv,0.28886032463068256
d238,BE,solar,avaConv,0.29232573982531085
d239,BE,solar,avaConv,0.2921153306319943
d240,BE,solar,avaConv,0.3020298170705412
d241,BE,solar,avaConv,0.28869514235170446
d242,BE,solar,avaConv,0.24237659688484808
d243,BE,solar,avaConv,0.16051685103025548
d244,BE,solar,avaConv,0.16613107450619397
d245,BE,solar,avaConv,0.20827237731963238
d246,BE,solar,avaConv,0.253566615862416
d247,BE,solar,avaConv,0.31088695672013295
d248,BE,solar,avaConv,0.11743260455835088
d249,BE,solar,avaConv,0.36385379895770825
d250,BE,solar,avaConv,0.1612098622220563
d251,BE,solar,avaConv,0.15307958983017522
d252,BE,solar,avaConv,0.2715021177299886
d253,BE,solar,avaConv,0.11533232181741937
d254,BE,solar,avaConv,0.34105630994675074
d255,BE,solar,avaConv,0.33463153193956535
d256,BE,solar,avaConv,0.25141209031466527
d257,BE,solar,avaConv,0.27847423871800464
d258,BE,solar,avaConv,0.3423749805722516
d259,BE,solar,avaConv,0.1721235614271087
d260,BE,solar,avaConv,0.17442660288856626
d261,BE,solar,avaConv,0.22291918526522178
d262,BE,solar,avaConv,0.296948315177381
d263,BE,solar,avaConv,0.2637698536335
d264,BE,solar,avaConv,0.25410057638711636
d265,BE,solar,avaConv,0.21055139101785855
d266,BE,solar,avaConv,0.1298770715839425
d267,BE,solar,avaConv,0.1677662439909599
d268,BE,solar,avaConv,0.13423095378107086
d269,BE,solar,avaConv,0.11711430071708706
d270,BE,solar,avaConv,0.25175637515551985
d271,BE,solar,avaConv,0.2145471672900725
d272,BE,solar,avaConv,0.10510875760817422
d273,BE,solar,avaConv,0.1905767790227822
d274,BE,solar,avaConv,0.2226439750964321
d275,BE,solar,avaConv,0.3528849049286492
d276,BE,solar,avaConv,0.21144179829256987
d277,BE,solar,avaConv,0.07049793008426355
d278,BE,solar,avaConv,0.32895228633160833
d279,BE,solar,avaConv,0.31846181657315265
d280,BE,solar,avaConv,0.31036575785493364
d281,BE,solar,avaConv,0.3085978657825963
d282,BE,solar,avaConv,0.3106892271746385
d283,BE,solar,avaConv,0.3114540079903742
d284,BE,solar,avaConv,0.3237486497730571
d285,BE,solar,avaConv,0.32007022505076776
d286,BE,solar,avaConv,0.31872401219433905
d287,BE,solar,avaConv,0.04532112082811459
d288,BE,solar,avaConv,0.19733049481371626
d289,BE,solar,avaConv,0.3371910169250662
d290,BE,solar,avaConv,0.3192127029149486
d291,BE,solar,avaConv,0.28694855685502707
d292,BE,solar,avaConv,0.07959612567475659
d293,BE,solar,avaConv,0.16157713835240464
d294,BE,solar,avaConv,0.2087388979988843
d295,BE,solar,avaConv,0.07854143369797376
d296,BE,solar,avaConv,0.2210260409805247
d297,BE,solar,avaConv,0.15096171956469734
d298,BE,solar,avaConv,0.25473549231013937
d299,BE,solar,avaConv,0.19350201513164242
d300,BE,solar,avaConv,0.17783295198999444
d301,BE,solar,avaConv,0.3397472457313025
d302,BE,solar,avaConv,0.3689027893789273
d303,BE,solar,avaConv,0.2691437843528075
d304,BE,solar,avaConv,0.11657360618030273
d305,BE,solar,avaConv,0.15210108719666632
d306,BE,solar,avaConv,0.2827623155776132
d307,BE,solar,avaConv,0.3067431802394819
d308,BE,solar,avaConv,0.16630039562919036
d309,BE,solar,avaConv,0.2053195080030747
d310,BE,solar,avaConv,0.051973071185288676
d311,BE,solar,avaConv,0.06170420657257436
d312,BE,solar,avaConv,0.04114905738034308
d313,BE,solar,avaConv,0.038672657783036225
d314,BE,solar,avaConv,0.09636357929813306
d315,BE,solar,avaConv,0.11670762032213462
d316,BE,solar,avaConv,0.1439186532907771
d317,BE,solar,avaConv,0.09246952791896071
d318,BE,solar,avaConv,0.045093486073296295
d319,BE,solar,avaConv,0.20631192092844156
d320,BE,solar,avaConv,0.28630073884567786
d321,BE,solar,avaConv,0.35906986859684226
d322,BE,solar,avaConv,0.373526507000954
d323,BE,solar,avaConv,0.3484724902426038
d324,BE,solar,avaConv,0.038500899630352685
d325,BE,solar,avaConv,0.1743868299831373
d326,BE,solar,avaConv,0.2517157864707238
d327,BE,solar,avaConv,0.2343217633694923
d328,BE,solar,avaConv,0.0919345877282671
d329,BE,solar,avaConv,0.041204995122832155
d330,BE,solar,avaConv,0.12802899255244127
d331,BE,solar,avaConv,0.13982686423776255
d332,BE,solar,avaConv,0.026970152461918324
d333,BE,solar,avaConv,0.031143006432766445
d334,BE,solar,avaConv,0.06738804470341013
d335,BE,solar,avaConv,0.173603225758782
d336,BE,solar,avaConv,0.018772108036039774
d337,BE,solar,avaConv,0.02516273376324136
d338,BE,solar,avaConv,0.033374473738725
d339,BE,solar,avaConv,0.06519187320048445
d340,BE,solar,avaConv,0.062237217568745354
d341,BE,solar,avaConv,0.059869771559921216
d342,BE,solar,avaConv,0.048355754378239905
d343,BE,solar,avaConv,0.026473985092929773
d344,BE,solar,avaConv,0.0242942076838958
d345,BE,solar,avaConv,0.04206056629726694
d346,BE,solar,avaConv,0.0803843675765465
d347,BE,solar,avaConv,0.0986982633353188
d348,BE,solar,avaConv,0.16602398747350805
d349,BE,solar,avaConv,0.1805900386891541
d350,BE,solar,avaConv,0.03240492935726581
d351,BE,solar,avaConv,0.04807623362149159
d352,BE,solar,avaConv,0.07232076193582494
d353,BE,solar,avaConv,0.04081785625643655
d354,BE,solar,avaConv,0.1164580645306063
d355,BE,solar,avaConv,0.07366229860025379
d356,BE,solar,avaConv,0.07301262914995364
d357,BE,solar,avaConv,0.027692629771313197
d358,BE,solar,avaConv,0.052171014975647786
d359,BE,solar,avaConv,0.02296402747745418
d360,BE,solar,avaConv,0.024321118966492
d361,BE,solar,avaConv,0.06442756622340555
d362,BE,solar,avaConv,0.1191845938457402
d363,BE,solar,avaConv,0.102437813494454
d364,BE,solar,avaConv,0.13555917651632804
d365,BE,solar,avaConv,0.016118437686888927
d001,CH,solar,avaConv,0.0
d002,CH,solar,avaConv,0.036353259968174706
d003,CH,solar,avaConv,0.06576585669894403
d004,CH,solar,avaConv,0.10822791007038234
d005,CH,solar,avaConv,0.38153330805737756
d006,CH,solar,avaConv,0.4714638920272305
d007,CH,solar,avaConv,0.48315520323946937
d008,CH,solar,avaConv,0.23734296958228657
d009,CH,solar,avaConv,0.0861024686676881
d010,CH,solar,avaConv,0.07702344380959748
d011,CH,solar,avaConv,0.2232714734295507
d012,CH,solar,avaConv,0.08643923155485246
d013,CH,solar,avaConv,0.11037582470852941
d014,CH,solar,avaConv,0.07786816155471118
d015,CH,solar,avaConv,0.0829396470456008
d016,CH,solar,avaConv,0.13076244985033847
d017,CH,solar,avaConv,0.3932688037648639
d018,CH,solar,avaConv,0.39595060739487004
d019,CH,solar,avaConv,0.1962918118713458
d020,CH,solar,avaConv,0.22834858725441087
d021,CH,solar,avaConv,0.20324527138222484
d022,CH,solar,avaConv,0.0950289116466375
d023,CH,solar,avaConv,0.10047248824443572
d024,CH,solar,avaConv,0.19566347284582297
d025,CH,solar,avaConv,0.43633165741696944
d026,CH,solar,avaConv,0.09193152066373994
d027,CH,solar,avaConv,0.11799883774335557
d028,CH,solar,avaConv,0.10696630158620386
d029,CH,solar,avaConv,0.22544953195839285
d030,CH,solar,avaConv,0.2390923088881056
d031,CH,solar,avaConv,0.10321394081987822
d032,CH,solar,avaConv,0.4038334877605098
d033,CH,solar,avaConv,0.13545883759459865
d034,CH,solar,avaConv,0.11772723964268167
d035,CH,solar,avaConv,0.11599740167114742
d036,CH,solar,avaConv,0.1379461696898904
d037,CH,solar,avaConv,0.20115126177370338
d038,CH,solar,avaConv,0.11887760801562827
d039,CH,solar,avaConv,0.342539350882407
d040,CH,solar,avaConv,0.31782572054905006
d041,CH,solar,avaConv,0.45944700667958305
d042,CH,solar,avaConv,0.13952511735171774
d043,CH,solar,avaConv,0.07456195917528895
d044,CH,solar,avaConv,0.36852101506980167
d045,CH,solar,avaConv,0.577670794929756
d046,CH,solar,avaConv,0.1240846249943408
d047,CH,solar,avaConv,0.23936657224706417
d048,CH,solar,avaConv,0.12825726897461628
d049,CH,solar,avaConv,0.07729322171403168
d050,CH,solar,avaConv,0.13002288935946002
d051,CH,solar,avaConv,0.24285463465725166
d052,CH,solar,avaConv,0.12149169251480824
d053,CH,solar,avaConv,0.1558304434947415
d054,CH,solar,avaConv,0.25739855332122236
d055,CH,solar,avaConv,0.17535699503833435
d056,CH,solar,avaConv,0.19655520211777466
d057,CH,solar,avaConv,0.10123771527504793
d058,CH,solar,avaConv,0.14637410910439866
d059,CH,solar,avaConv,0.11227377002765176
d060,CH,solar,avaConv,0.13477116872958012
d061,CH,solar,avaConv,0.2197994470404206
d062,CH,solar,avaConv,0.19591822706046955
d063,CH,solar,avaConv,0.4561997967088283
d064,CH,solar,avaConv,0.13643505404792738
d065,CH,solar,avaConv,0.35614344474929127
d066,CH,solar,avaConv,0.4246851819607777
d067,CH,solar,avaConv,0.3089837947116883
d068,CH,solar,avaConv,0.20345636779083517
d069,CH,solar,avaConv,0.13917458930253093
d070,CH,solar,avaConv,0.1622998910568336
d071,CH,solar,avaConv,0.17184841489112462
d072,CH,solar,avaConv,0.4127745099648052
d073,CH,solar,avaConv,0.44787672889595226
d074,CH,solar,avaConv,0.25989543625436407
d075,CH,solar,avaConv,0.13406319892341378
d076,CH,solar,avaConv,0.21858860189250137
d077,CH,solar,avaConv,0.17631187600790418
d078,CH,solar,avaConv,0.1339380259883655
d079,CH,solar,avaConv,0.1397090270226948
d080,CH,solar,avaConv,0.32553741270355796
d081,CH,solar,avaConv,0.35060848707982695
d082,CH,solar,avaConv,0.361009232765459
d083,CH,solar,avaConv,0.39527231067731267
d084,CH,solar,avaConv,0.19649856231532173
d085,CH,solar,avaConv,0.23245329294507175
d086,CH,solar,avaConv,0.34040353434099163
d087,CH,solar,avaConv,0.541677194550762
d088,CH,solar,avaConv,0.5138936348866168
d089,CH,solar,avaConv,0.5033357111188018
d090,CH,solar,avaConv,0.4799831913726305
d091,CH,solar,avaConv,0.4686494052816092
d092,CH,solar,avaConv,0.2818920122575111
d093,CH,solar,avaConv,0.38883032227582287
d094,CH,solar,avaConv,0.4168950119934538
d095,CH,solar,avaConv,0.39687808956759
d096,CH,solar,avaConv,0.25156998771700556
d097,CH,solar,avaConv,0.3765985499073294
d098,CH,solar,avaConv,0.16660882595210638
d099,CH,solar,avaConv,0.2609043343613017
d100,CH,solar,avaConv,0.26825295280964095
d101,CH,solar,avaConv,0.31449636567809525
d102,CH,solar,avaConv,0.38298955626614467
d103,CH,solar,avaConv,0.35358441438010996
d104,CH,solar,avaConv,0.4017482695369713
d105,CH,solar,avaConv,0.31628626001211385
d106,CH,solar,avaConv,0.3975117905583565
d107,CH,solar,avaConv,0.399989352989343
d108,CH,solar,avaConv,0.3319700643007074
d109,CH,solar,avaConv,0.4000674864912162
d110,CH,solar,avaConv,0.22493300792905557
d111,CH,solar,avaConv,0.2680162274175055
d112,CH,solar,avaConv,0.2905204959114208
d113,CH,solar,avaConv,0.24925338009085196
d114,CH,solar,avaConv,0.35919822369898663
d115,CH,solar,avaConv,0.17923655126879356
d116,CH,solar,avaConv,0.2570434370203269
d117,CH,solar,avaConv,0.2729397699958564
d118,CH,solar,avaConv,0.3007757709469743
d119,CH,solar,avaConv,0.4175716437367033
d120,CH,solar,avaConv,0.40450271829739676
d121,CH,solar,avaConv,0.15181674298781594
d122,CH,solar,avaConv,0.2085852234235989
d123,CH,solar,avaConv,0.19949849408055673
d124,CH,solar,avaConv,0.42099511469081374
d125,CH,solar,avaConv,0.4346629187030899
d126,CH,solar,avaConv,0.3351876614546034
d127,CH,solar,avaConv,0.3911580755071054
d128,CH,solar,avaConv,0.23577056418027872
d129,CH,solar,avaConv,0.0947964672727771
d130,CH,solar,avaConv,0.22435550200494392
d131,CH,solar,avaConv,0.35930081890774823
d132,CH,solar,avaConv,0.338124854504077
d133,CH,solar,avaConv,0.2159972987490842
d134,CH,solar,avaConv,0.43829347932515184
d135,CH,solar,avaConv,0.29505603083016785
d136,CH,solar,avaConv,0.2362286995759823
d137,CH,solar,avaConv,0.14948136104016474
d138,CH,solar,avaConv,0.3580006414228923
d139,CH,solar,avaConv,0.3395089299176544
d140,CH,solar,avaConv,0.46956960675668075
d141,CH,solar,avaConv,0.2626700882212926
d142,CH,solar,avaConv,0.2630325032664291
d143,CH,solar,avaConv,0.3670859539264461
d144,CH,solar,avaConv,0.4192488955677884
d145,CH,solar,avaConv,0.40492040987265177
d146,CH,solar,avaConv,0.3712332277152367
d147,CH,solar,avaConv,0.2937295817018025
d148,CH,solar,avaConv,0.31573856497742814
d149,CH,solar,avaConv,0.3030575479811545
d150,CH,solar,avaConv,0.26347189426885154
d151,CH,solar,avaConv,0.33434435649436234
d152,CH,solar,avaConv,0.20587089623865815
d153,CH,solar,avaConv,0.25645341372455943
d154,CH,solar,avaConv,0.30239065305960494
d155,CH,solar,avaConv,0.24077722322221023
d156,CH,solar,avaConv,0.2879476609092287
d157,CH,solar,avaConv,0.24313446061105565
d158,CH,solar,avaConv,0.2904199442071149
d159,CH,solar,avaConv,0.24662253400793874
d160,CH,solar,avaConv,0.31943152067536285
d161,CH,solar,avaConv,0.18111636823997979
d162,CH,solar,avaConv,0.2281717610320327
d163,CH,solar,avaConv,0.29944182537573477
d164,CH,solar,avaConv,0.318424051686478
d165,CH,solar,avaConv,0.2783308251775014
d166,CH,solar,avaConv,0.26634063083074133
d167,CH,solar,avaConv,0.3355483252305334
d168,CH,solar,avaConv,0.3149707709609656
d169,CH,solar,avaConv,0.23799165777330164
d170,CH,solar,avaConv,0.3234795036871226
d171,CH,solar,avaConv,0.24456439815207204
d172,CH,solar,avaConv,0.27509447980127144
d173,CH,solar,avaConv,0.1641379099913135
d174,CH,solar,avaConv,0.25475468593574085
d175,CH,solar,avaConv,0.31647075102629896
d176,CH,solar,avaConv,0.27905170212104335
d177,CH,solar,avaConv,0.292428335135339
d178,CH,solar,avaConv,0.3227941859808857
d179,CH,solar,avaConv,0.32696372178756694
d180,CH,solar,avaConv,0.2648829686262501
d181,CH,solar,avaConv,0.19312275568898274
d182,CH,solar,avaConv,0.28158450539300744
d183,CH,solar,avaConv,0.32447597693860436
d184,CH,solar,avaConv,0.32355487058988464
d185,CH,solar,avaConv,0.13705388713986905
d186,CH,solar,avaConv,0.3462544410123126
d187,CH,solar,avaConv,0.3473417137319152
d188,CH,solar,avaConv,0.31667191796889205
d189,CH,solar,avaConv,0.13350244575001033
d190,CH,solar,avaConv,0.23329005922927068
d191,CH,solar,avaConv,0.4032530914048909
d192,CH,solar,avaConv,0.3406726371165275
d193,CH,solar,avaConv,0.21911494406587753
d194,CH,solar,avaConv,0.3676008599829695
d195,CH,solar,avaConv,0.20119240578359754
d196,CH,solar,avaConv,0.388839322794527
d197,CH,solar,avaConv,0.32317078133683697
d198,CH,solar,avaConv,0.34073293189131354
d199,CH,solar,avaConv,0.357551626820362
d200,CH,solar,avaConv,0.35614574480480343
d201,CH,solar,avaConv,0.13158127597873942
d202,CH,solar,avaConv,0.29974090229594325
d203,CH,solar,avaConv,0.3100263748409027
d204,CH,solar,avaConv,0.2768566716444339
d205,CH,solar,avaConv,0.33217738604978386
d206,CH,solar,avaConv,0.36416535292787555
d207,CH,solar,avaConv,0.3444832750793011
d208,CH,solar,avaConv,0.31559092404175026
d209,CH,solar,avaConv,0.3127127327877544
d210,CH,solar,avaConv,0.24952141924264487
d211,CH,solar,avaConv,0.28328900301773524
d212,CH,solar,avaConv,0.18643876702819415
d213,CH,solar,avaConv,0.29646481317922296
d214,CH,solar,avaConv,0.35046819717504063
d215,CH,solar,avaConv,0.22067179733449233
d216,CH,solar,avaConv,0.203927730407685
d217,CH,solar,avaConv,0.3450445988922073
d218,CH,solar,avaConv,0.36478921988222573
d219,CH,solar,avaConv,0.31859842394311844
d220,CH,solar,avaConv,0.18215354331594097
d221,CH,solar,avaConv,0.2533724531292359
d222,CH,solar,avaConv,0.18781110056040892
d223,CH,solar,avaConv,0.3094624714780615
d224,CH,solar,avaConv,0.22738184427661254
d225,CH,solar,avaConv,0.1883876871247038
d226,CH,solar,avaConv,0.43108858577730463
d227,CH,solar,avaConv,0.4202985519370934
d228,CH,solar,avaConv,0.3922343375250248
d229,CH,solar,avaConv,0.3675345092298805
d230,CH,solar,avaConv,0.3528841518843631
d231,CH,solar,avaConv,0.29383670851706456
d232,CH,solar,avaConv,0.34203484802565004
d233,CH,solar,avaConv,0.3313423555701698
d234,CH,solar,avaConv,0.3003291967969379
d235,CH,solar,avaConv,0.2690264761657709
d236,CH,solar,avaConv,0.2923898164516444
d237,CH,solar,avaConv,0.27382148010091234
d238,CH,solar,avaConv,0.2792174288090897
d239,CH,solar,avaConv,0.2975691831489248
d240,CH,solar,avaConv,0.32273559930981927
d241,CH,solar,avaConv,0.3173784118542293
d242,CH,solar,avaConv,0.26063990718740926
d243,CH,solar,avaConv,0.34421439494655165
d244,CH,solar,avaConv,0.14790446074798497
d245,CH,solar,avaConv,0.21615467050727313
d246,CH,solar,avaConv,0.1906630980355132
d247,CH,solar,avaConv,0.2024724193039833
d248,CH,solar,avaConv,0.2017792855630196
d249,CH,solar,avaConv,0.2286204389280451
d250,CH,solar,avaConv,0.4368704150524753
d251,CH,solar,avaConv,0.2875025832972507
d252,CH,solar,avaConv,0.3814739186921636
d253,CH,solar,avaConv,0.3546300103057027
d254,CH,solar,avaConv,0.33032456929029874
d255,CH,solar,avaConv,0.38554604135668497
d256,CH,solar,avaConv,0.32602178024742673
d257,CH,solar,avaConv,0.17830934963128917
d258,CH,solar,avaConv,0.3860629314505691
d259,CH,solar,avaConv,0.39865954385580776
d260,CH,solar,avaConv,0.3789000366184268
d261,CH,solar,avaConv,0.35621642783658775
d262,CH,solar,avaConv,0.30194993161213457
d263,CH,solar,avaConv,0.29131623351664854
d264,CH,solar,avaConv,0.29776799591773073
d265,CH,solar,avaConv,0.3228373935106066
d266,CH,solar,avaConv,0.17680852905367217
d267,CH,solar,avaConv,0.1570695717589927
d268,CH,solar,avaConv,0.25519872215864225
d269,CH,solar,avaConv,0.12667032187566601
d270,CH,solar,avaConv,0.13751904187359124
d271,CH,solar,avaConv,0.23572529643452125
d272,CH,solar,avaConv,0.24036205612337003
d273,CH,solar,avaConv,0.23304907251273824
d274,CH,solar,avaConv,0.33376208958937387
d275,CH,solar,avaConv,0.376369694480332
d276,CH,solar,avaConv,0.4267819172607226
d277,CH,solar,avaConv,0.33175639339609275
d278,CH,solar,avaConv,0.270609783150269
d279,CH,solar,avaConv,0.37747603766751703
d280,CH,solar,avaConv,0.37738851372082655
d281,CH,solar,avaConv,0.2804703128194641
d282,CH,solar,avaConv,0.19274278725005958
d283,CH,solar,avaConv,0.36274836772638985
d284,CH,solar,avaConv,0.3997612465144801
d285,CH,solar,avaConv,0.37162939795924554
d286,CH,solar,avaConv,0.40696994909375434
d287,CH,solar,avaConv,0.2676450630921872
d288,CH,solar,avaConv,0.15769364625284857
d289,CH,solar,avaConv,0.26098155247050636
d290,CH,solar,avaConv,0.25113941456921646
d291,CH,solar,avaConv,0.41970989754744364
d292,CH,solar,avaConv,0.2906321863949136
d293,CH,solar,avaConv,0.2675076953706049
d294,CH,solar,avaConv,0.1340744762033229
d295,CH,solar,avaConv,0.23071696546024667
d296,CH,solar,avaConv,0.3393049310650857
d297,CH,solar,avaConv,0.33055226937403964
d298,CH,solar,avaConv,0.3344703905218549
d299,CH,solar,avaConv,0.2935432369287583
d300,CH,solar,avaConv,0.2018758277696534
d301,CH,solar,avaConv,0.4160175010635083
d302,CH,solar,avaConv,0.45257134960634765
d303,CH,solar,avaConv,0.16370194661350715
d304,CH,solar,avaConv,0.08739293826350512
d305,CH,solar,avaConv,0.1226702234682156
d306,CH,solar,avaConv,0.229374347032289
d307,CH,solar,avaConv,0.33634923523853355
d308,CH,solar,avaConv,0.12266553675947507
d309,CH,solar,avaConv,0.07372195752585027
d310,CH,solar,avaConv,0.25946472364977163
d311,CH,solar,avaConv,0.12974070115302125
d312,CH,solar,avaConv,0.16894131244935073
d313,CH,solar,avaConv,0.1213228026097521
d314,CH,solar,avaConv,0.12895797825065272
d315,CH,solar,avaConv,0.223082804650104
d316,CH,solar,avaConv,0.2032976239206854
d317,CH,solar,avaConv,0.2645289085613428
d318,CH,solar,avaConv,0.13119580052178936
d319,CH,solar,avaConv,0.10243452962446833
d320,CH,solar,avaConv,0.42168822032702297
d321,CH,solar,avaConv,0.43291928355167086
d322,CH,solar,avaConv,0.24701610756756276
d323,CH,solar,avaConv,0.3250631120888911
d324,CH,solar,avaConv,0.08447843577339924
d325,CH,solar,avaConv,0.09630476084465535
d326,CH,solar,avaConv,0.12512557122469767
d327,CH,solar,avaConv,0.060966542384805526
d328,CH,solar,avaConv,0.1836301688419419
d329,CH,solar,avaConv,0.30241902900166895
d330,CH,solar,avaConv,0.12217134126231138
d331,CH,solar,avaConv,0.09163471171490328
d332,CH,solar,avaConv,0.08672645293608729
d333,CH,solar,avaConv,0.06130896660401192
d334,CH,solar,avaConv,0.05961512361287828
d335,CH,solar,avaConv,0.10944406257043017
d336,CH,solar,avaConv,0.06002836433719841
d337,CH,solar,avaConv,0.05489351664414981
d338,CH,solar,avaConv,0.16332634233530346
d339,CH,solar,avaConv,0.05753237075167916
d340,CH,solar,avaConv,0.06797770711786565
d341,CH,solar,avaConv,0.22771226300158318
d342,CH,solar,avaConv,0.21432614540824363
d343,CH,solar,avaConv,0.16677329890980122
d344,CH,solar,avaConv,0.13034996530926993
d345,CH,solar,avaConv,0.10224607343629394
d346,CH,solar,avaConv,0.10687459473843554
d347,CH,solar,avaConv,0.164602621362909
d348,CH,solar,avaConv,0.3519370548384497
d349,CH,solar,avaConv,0.23560288098218599
d350,CH,solar,avaConv,0.031084237178043227
d351,CH,solar,avaConv,0.0913957396058796
d352,CH,solar,avaConv,0.04117994945048608
d353,CH,solar,avaConv,0.16733073391730088
d354,CH,solar,avaConv,0.10422033567832893
d355,CH,solar,avaConv,0.05117792557130538
d356,CH,solar,avaConv,0.1657916939808027
d357,CH,solar,avaConv,0.046154095203139824
d358,CH,solar,avaConv,0.05366825124839607
d359,CH,solar,avaConv,0.07886953006129231
d360,CH,solar,avaConv,0.06429151084388973
d361,CH,solar,avaConv,0.17170416410400316
d362,CH,solar,avaConv,0.11445725665806093
d363,CH,solar,avaConv,0.32994208689854876
d364,CH,solar,avaConv,0.0612074283475372
d365,CH,solar,avaConv,0.17214018027270855
d001,DE,solar,avaConv,0.0
d002,DE,solar,avaConv,0.019219483900628494
d003,DE,solar,avaConv,0.07359578593525509
d004,DE,solar,avaConv,0.05234341719882993
d005,DE,solar,avaConv,0.2923465246792213
d006,DE,solar,avaConv,0.2777190279444502
d007,DE,solar,avaConv,0.11982748024125736
d008,DE,solar,avaConv,0.04942372257990668
d009,DE,solar,avaConv,0.021183160126768127
d010,DE,solar,avaConv,0.060837625735849006
d011,DE,solar,avaConv,0.026129499666642884
d012,DE,solar,avaConv,0.030145870237776703
d013,DE,solar,avaConv,0.03176077671018981
d014,DE,solar,avaConv,0.12813573094060665
d015,DE,solar,avaConv,0.033075688526421745
d016,DE,solar,avaConv,0.07722225676358921
d017,DE,solar,avaConv,0.0964560007310083
d018,DE,solar,avaConv,0.2697629909505143
d019,DE,solar,avaConv,0.27936133059187307
d020,DE,solar,avaConv,0.19167352881140698
d021,DE,solar,avaConv,0.17712713099586097
d022,DE,solar,avaConv,0.15505204025359817
d023,DE,solar,avaConv,0.058002459841307315
d024,DE,solar,avaConv,0.20174466982955877
d025,DE,solar,avaConv,0.26156677799290595
d026,DE,solar,avaConv,0.13345019449021192
d027,DE,solar,avaConv,0.08963917623622294
d028,DE,solar,avaConv,0.08777874854559807
d029,DE,solar,avaConv,0.09371294096392443
d030,DE,solar,avaConv,0.1360034929282371
d031,DE,solar,avaConv,0.14357802274624648
d032,DE,solar,avaConv,0.16527410508573817
d033,DE,solar,avaConv,0.15583462196773848
d034,DE,solar,avaConv,0.05565492888115491
d035,DE,solar,avaConv,0.05713512914364051
d036,DE,solar,avaConv,0.07042721398528172
d037,DE,solar,avaConv,0.09696069486918656
d038,DE,solar,avaConv,0.20120400559510673
d039,DE,solar,avaConv,0.17362927849503446
d040,DE,solar,avaConv,0.04172758182337502
d041,DE,solar,avaConv,0.23488527265748116
d042,DE,solar,avaConv,0.10964654244958007
d043,DE,solar,avaConv,0.27414699748833987
d044,DE,solar,avaConv,0.30710932125766155
d045,DE,solar,avaConv,0.36760189110166763
d046,DE,solar,avaConv,0.07885969138812345
d047,DE,solar,avaConv,0.07213966272369113
d048,DE,solar,avaConv,0.03082881069251286
d049,DE,solar,avaConv,0.026831095817070317
d050,DE,solar,avaConv,0.22053330254976522
d051,DE,solar,avaConv,0.10548293826531106
d052,DE,solar,avaConv,0.07163360419557355
d053,DE,solar,avaConv,0.11791064059732015
d054,DE,solar,avaConv,0.2038964339839818
d055,DE,solar,avaConv,0.06895171121112348
d056,DE,solar,avaConv,0.13221750928830672
d057,DE,solar,avaConv,0.06245539124521405
d058,DE,solar,avaConv,0.12122589682226546
d059,DE,solar,avaConv,0.06749366091987873
d060,DE,solar,avaConv,0.05959585763263093
d061,DE,solar,avaConv,0.06741974123891231
d062,DE,solar,avaConv,0.18647011622848111
d063,DE,solar,avaConv,0.2223026486477647
d064,DE,solar,avaConv,0.2218397933597634
d065,DE,solar,avaConv,0.18891754043417272
d066,DE,solar,avaConv,0.27405357827498966
d067,DE,solar,avaConv,0.1328484902168976
d068,DE,solar,avaConv,0.10662179029803928
d069,DE,solar,avaConv,0.1547242664574607
d070,DE,solar,avaConv,0.10418723118033457
d071,DE,solar,avaConv,0.10044841388245017
d072,DE,solar,avaConv,0.2268881943556655
d073,DE,solar,avaConv,0.33259128819461736
d074,DE,solar,avaConv,0.3519756669819365
d075,DE,solar,avaConv,0.22133137217382423
d076,DE,solar,avaConv,0.15745690715853483
d077,DE,solar,avaConv,0.16087860162714337
d078,DE,solar,avaConv,0.1830765579470604
d079,DE,solar,avaConv,0.26583525725222323
d080,DE,solar,avaConv,0.3443794188105698
d081,DE,solar,avaConv,0.26320377181534255
d082,DE,solar,avaConv,0.23033834584245297
d083,DE,solar,avaConv,0.26563019062594917
d084,DE,solar,avaConv,0.3118061027736663
d085,DE,solar,avaConv,0.1631745566706793
d086,DE,solar,avaConv,0.22192710317589645
d087,DE,solar,avaConv,0.3680399636786723
d088,DE,solar,avaConv,0.4541110393884673
d089,DE,solar,avaConv,0.5038162147144276
d090,DE,solar,avaConv,0.4556419224458584
d091,DE,solar,avaConv,0.3775714980266663
d092,DE,solar,avaConv,0.22999439206751698
d093,DE,solar,avaConv,0.11420520625022715
d094,DE,solar,avaConv,0.2610483095714146
d095,DE,solar,avaConv,0.25418324316732877
d096,DE,solar,avaConv,0.22870775726182785
d097,DE,solar,avaConv,0.2874804638838243
d098,DE,solar,avaConv,0.28174824813962396
d099,DE,solar,avaConv,0.27701286793798746
d100,DE,solar,avaConv,0.2577483843956072
d101,DE,solar,avaConv,0.2800645590638849
d102,DE,solar,avaConv,0.3642030531363275
d103,DE,solar,avaConv,0.3268676961432959
d104,DE,solar,avaConv,0.2783487467103787
d105,DE,solar,avaConv,0.2653621680782846
d106,DE,solar,avaConv,0.34675144367266864
d107,DE,solar,avaConv,0.3426720243830501
d108,DE,solar,avaConv,0.36176708588738965
d109,DE,solar,avaConv,0.321904180450749
d110,DE,solar,avaConv,0.3494066991510074
d111,DE,solar,avaConv,0.2760425613993278
d112,DE,solar,avaConv,0.2989889611831654
d113,DE,solar,avaConv,0.2103105712409569
d114,DE,solar,avaConv,0.270643301815169
d115,DE,solar,avaConv,0.3174074083596788
d116,DE,solar,avaConv,0.2160117790170304
d117,DE,solar,avaConv,0.2577538886153476
d118,DE,solar,avaConv,0.2526047365295452
d119,DE,solar,avaConv,0.3337874857747448
d120,DE,solar,avaConv,0.2739195085605963
d121,DE,solar,avaConv,0.2136784286000039
d122,DE,solar,avaConv,0.2628840591528479
d123,DE,solar,avaConv,0.24117301998541812
d124,DE,solar,avaConv,0.2989492362595981
d125,DE,solar,avaConv,0.36269924172329254
d126,DE,solar,avaConv,0.33136554476110036
d127,DE,solar,avaConv,0.31034848838455376
d128,DE,solar,avaConv,0.3500091551147882
d129,DE,solar,avaConv,0.245782271336816
d130,DE,solar,avaConv,0.2721493634228272
d131,DE,solar,avaConv,0.3047641947148662
d132,DE,solar,avaConv,0.3079430858158701
d133,DE,solar,avaConv,0.23266397954802798
d134,DE,solar,avaConv,0.3996640899051804
d135,DE,solar,avaConv,0.2750463848326414
d136,DE,solar,avaConv,0.30656767575199334
d137,DE,solar,avaConv,0.1799890737274307
d138,DE,solar,avaConv,0.2862083524777086
d139,DE,solar,avaConv,0.3109369284209136
d140,DE,solar,avaConv,0.24755855583211503
d141,DE,solar,avaConv,0.15821304342734274
d142,DE,solar,avaConv,0.25385721045798487
d143,DE,solar,avaConv,0.38349095366547853
d144,DE,solar,avaConv,0.4345993114968361
d145,DE,solar,avaConv,0.3936301347776754
d146,DE,solar,avaConv,0.33985844671908255
d147,DE,solar,avaConv,0.34205337340389486
d148,DE,solar,avaConv,0.30324398175294914
d149,DE,solar,avaConv,0.2611740591749286
d150,DE,solar,avaConv,0.2854670422168121
d151,DE,solar,avaConv,0.29499337494351907
d152,DE,solar,avaConv,0.3135592788786213
d153,DE,solar,avaConv,0.3208114350625727
d154,DE,solar,avaConv,0.3235067662872141
d155,DE,solar,avaConv,0.3319415226517505
d156,DE,solar,avaConv,0.35655443498786343
d157,DE,solar,avaConv,0.37949168717326853
d158,DE,solar,avaConv,0.36281789699319683
d159,DE,solar,avaConv,0.2897393162215361
d160,DE,solar,avaConv,0.30445644491332535
d161,DE,solar,avaConv,0.2933031812107758
d162,DE,solar,avaConv,0.25069860548219464
d163,DE,solar,avaConv,0.24322967627020614
d164,DE,solar,avaConv,0.2569026432576541
d165,DE,solar,avaConv,0.27159932171709006
d166,DE,solar,avaConv,0.2867740205994983
d167,DE,solar,avaConv,0.31736583511476946
d168,DE,solar,avaConv,0.327507452038118
d169,DE,solar,avaConv,0.31541535782718966
d170,DE,solar,avaConv,0.2988455740034234
d171,DE,solar,avaConv,0.30473032708488196
d172,DE,solar,avaConv,0.3013453084314799
d173,DE,solar,avaConv,0.3028209799163538
d174,DE,solar,avaConv,0.31953621578948355
d175,DE,solar,avaConv,0.3050913799201412
d176,DE,solar,avaConv,0.2730548947193759
d177,DE,solar,avaConv,0.2885130240930751
d178,DE,solar,avaConv,0.28622926948713423
d179,DE,solar,avaConv,0.3113531540106338
d180,DE,solar,avaConv,0.2542767634412697
d181,DE,solar,avaConv,0.25167629934088087
d182,DE,solar,avaConv,0.31356693418011494
d183,DE,solar,avaConv,0.32660899013147
d184,DE,solar,avaConv,0.33424722638105353
d185,DE,solar,avaConv,0.29030984545364974
d186,DE,solar,avaConv,0.32215929758363404
d187,DE,solar,avaConv,0.306975791440099
d188,DE,solar,avaConv,0.2713679695447334
d189,DE,solar,avaConv,0.22924048318265447
d190,DE,solar,avaConv,0.310493624457207
d191,DE,solar,avaConv,0.32947791455201253
d192,DE,solar,avaConv,0.23685942918107433
d193,DE,solar,avaConv,0.2657467421599233
d194,DE,solar,avaConv,0.34725888216031964
d195,DE,solar,avaConv,0.27007412944560577
d196,DE,solar,avaConv,0.3334629669159919
d197,DE,solar,avaConv,0.29408525545514713
d198,DE,solar,avaConv,0.2511993179274947
d199,DE,solar,avaConv,0.2502228662186732
d200,DE,solar,avaConv,0.32258998235559866
d201,DE,solar,avaConv,0.18546708595330902
d202,DE,solar,avaConv,0.2513490825342212
d203,DE,solar,avaConv,0.28011002805729646
d204,DE,solar,avaConv,0.2970798739308514
d205,DE,solar,avaConv,0.31854689741361153
d206,DE,solar,avaConv,0.3254289105289762
d207,DE,solar,avaConv,0.2997602716547944
d208,DE,solar,avaConv,0.29973323173672656
d209,DE,solar,avaConv,0.342123171429137
d210,DE,solar,avaConv,0.3066882914243359
d211,DE,solar,avaConv,0.23355725589106624
d212,DE,solar,avaConv,0.25534790685832764
d213,DE,solar,avaConv,0.3288449231452586
d214,DE,solar,avaConv,0.2989798625810878
d215,DE,solar,avaConv,0.24389650755042003
d216,DE,solar,avaConv,0.29170691583011304
d217,DE,solar,avaConv,0.25322376834515725
d218,DE,solar,avaConv,0.2774016723913158
d219,DE,solar,avaConv,0.23635782555841808
d220,DE,solar,avaConv,0.220604441459657
d221,DE,solar,avaConv,0.19101118356148666
d222,DE,solar,avaConv,0.2920321009159089
d223,DE,solar,avaConv,0.2575187952739753
d224,DE,solar,avaConv,0.2361217732714388
d225,DE,solar,avaConv,0.3143160092336752
d226,DE,solar,avaConv,0.29713215846877233
d227,DE,solar,avaConv,0.26617810673727843
d228,DE,solar,avaConv,0.18789248684698123
d229,DE,solar,avaConv,0.2529956343369941
d230,DE,solar,avaConv,0.2549302009694979
d231,DE,solar,avaConv,0.3535849787590259
d232,DE,solar,avaConv,0.3240088312785834
d233,DE,solar,avaConv,0.3341167622815953
d234,DE,solar,avaConv,0.31594416430898936
d235,DE,solar,avaConv,0.29937648240299214
d236,DE,solar,avaConv,0.29957569301876263
d237,DE,solar,avaConv,0.2943052812989663
d238,DE,solar,avaConv,0.27475559908658137
d239,DE,solar,avaConv,0.2673250891937579
d240,DE,solar,avaConv,0.27194467690028684
d241,DE,solar,avaConv,0.27763181678076293
d242,DE,solar,avaConv,0.23379439641359892
d243,DE,solar,avaConv,0.28122419872262067
d244,DE,solar,avaConv,0.17863957790895704
d245,DE,solar,avaConv,0.23347349317214677
d246,DE,solar,avaConv,0.21898882332383107
d247,DE,solar,avaConv,0.215396179339927
d248,DE,solar,avaConv,0.15953648893486883
d249,DE,solar,avaConv,0.2992361627435011
d250,DE,solar,avaConv,0.29594982242477075
d251,DE,solar,avaConv,0.2138717944250935
d252,DE,solar,avaConv,0.22571021974662722
d253,DE,solar,avaConv,0.1879315304520118
d254,DE,solar,avaConv,0.3072444458512989
d255,DE,solar,avaConv,0.33681812778709713
d256,DE,solar,avaConv,0.2395470882532144
d257,DE,solar,avaConv,0.23129094351440152
d258,DE,solar,avaConv,0.32249647491580485
d259,DE,solar,avaConv,0.27237609558336845
d260,DE,solar,avaConv,0.22284105901973275
d261,DE,solar,avaConv,0.2725124983881844
d262,DE,solar,avaConv,0.2874400772915309
d263,DE,solar,avaConv,0.2834051045593518
d264,DE,solar,avaConv,0.27720160922341025
d265,DE,solar,avaConv,0.25789480142228194
d266,DE,solar,avaConv,0.19722659431582942
d267,DE,solar,avaConv,0.18366055339981716
d268,DE,solar,avaConv,0.1346775544888421
d269,DE,solar,avaConv,0.11939428891181864
d270,DE,solar,avaConv,0.1312981147636615
d271,DE,solar,avaConv,0.1857791685420729
d272,DE,solar,avaConv,0.13273774584300696
d273,DE,solar,avaConv,0.10750640842050224
d274,DE,solar,avaConv,0.2394442357558935
d275,DE,solar,avaConv,0.3280298365268722
d276,DE,solar,avaConv,0.34735658776523237
d277,DE,solar,avaConv,0.23349661572703825
d278,DE,solar,avaConv,0.3235949812759196
d279,DE,solar,avaConv,0.31101570018896735
d280,DE,solar,avaConv,0.3203260773704652
d281,DE,solar,avaConv,0.32667933446886294
d282,DE,solar,avaConv,0.31260724242015603
d283,DE,solar,avaConv,0.32586046069621827
d284,DE,solar,avaConv,0.1992287804880388
d285,DE,solar,avaConv,0.1771153691562897
d286,DE,solar,avaConv,0.21205771381410973
d287,DE,solar,avaConv,0.13429769248436618
d288,DE,solar,avaConv,0.2368947513374844
d289,DE,solar,avaConv,0.38891494024015993
d290,DE,solar,avaConv,0.3682060503920746
d291,DE,solar,avaConv,0.3354975980904783
d292,DE,solar,avaConv,0.14942657350884425
d293,DE,solar,avaConv,0.183156196315048
d294,DE,solar,avaConv,0.17269907782414978
d295,DE,solar,avaConv,0.17141358021485287
d296,DE,solar,avaConv,0.16229112250872266
d297,DE,solar,avaConv,0.21779857930653967
d298,DE,solar,avaConv,0.21778018765160384
d299,DE,solar,avaConv,0.2053204658946794
d300,DE,solar,avaConv,0.1957147757118537
d301,DE,solar,avaConv,0.26212036789735055
d302,DE,solar,avaConv,0.3817346396676464
d303,DE,solar,avaConv,0.34209178321220846
d304,DE,solar,avaConv,0.1224033035367055
d305,DE,solar,avaConv,0.16578388605809674
d306,DE,solar,avaConv,0.16614855066745418
d307,DE,solar,avaConv,0.272370866345988
d308,DE,solar,avaConv,0.19655726045053973
d309,DE,solar,avaConv,0.12213761856137044
d310,DE,solar,avaConv,0.2161056721809351
d311,DE,solar,avaConv,0.1236768044610598
d312,DE,solar,avaConv,0.05896655235511631
d313,DE,solar,avaConv,0.0397064151266749
d314,DE,solar,avaConv,0.08481184705104411
d315,DE,solar,avaConv,0.06334075262437135
d316,DE,solar,avaConv,0.10103586293840418
d317,DE,solar,avaConv,0.25311144261142315
d318,DE,solar,avaConv,0.0783343927275426
d319,DE,solar,avaConv,0.08887040725978324
d320,DE,solar,avaConv,0.21728164123925411
d321,DE,solar,avaConv,0.2810181338343296
d322,DE,solar,avaConv,0.23206748686460849
d323,DE,solar,avaConv,0.3121715245127755
d324,DE,solar,avaConv,0.20429434699261273
d325,DE,solar,avaConv,0.04642489037024312
d326,DE,solar,avaConv,0.16882638881209605
d327,DE,solar,avaConv,0.08655568978450022
d328,DE,solar,avaConv,0.10976160277537306
d329,DE,solar,avaConv,0.14911973369448303
d330,DE,solar,avaConv,0.2083321488820779
d331,DE,solar,avaConv,0.10098828881754726
d332,DE,solar,avaConv,0.0926968929699152
d333,DE,solar,avaConv,0.03569726380927719
d334,DE,solar,avaConv,0.05507890638179299
d335,DE,solar,avaConv,0.061644758217518754
d336,DE,solar,avaConv,0.05520385315390943
d337,DE,solar,avaConv,0.06142976078693352
d338,DE,solar,avaConv,0.024225913859805846
d339,DE,solar,avaConv,0.04481863345762946
d340,DE,solar,avaConv,0.06109895316131047
d341,DE,solar,avaConv,0.04488660855877236
d342,DE,solar,avaConv,0.09207534952564678
d343,DE,solar,avaConv,0.05326691965115181
d344,DE,solar,avaConv,0.07631854993865986
d345,DE,solar,avaConv,0.044283925079225815
d346,DE,solar,avaConv,0.10421963156308447
d347,DE,solar,avaConv,0.1151043181285709
d348,DE,solar,avaConv,0.2669309363919466
d349,DE,solar,avaConv,0.3007098377270799
d350,DE,solar,avaConv,0.0944282781552539
d351,DE,solar,avaConv,0.07061098515350493
d352,DE,solar,avaConv,0.03235532635419642
d353,DE,solar,avaConv,0.06804956233926186
d354,DE,solar,avaConv,0.07174470824533946
d355,DE,solar,avaConv,0.04703026838505525
d356,DE,solar,avaConv,0.04775187823557006
d357,DE,solar,avaConv,0.05410933120183519
d358,DE,solar,avaConv,0.08709050242510269
d359,DE,solar,avaConv,0.058028782934509304
d360,DE,solar,avaConv,0.04317729844789635
d361,DE,solar,avaConv,0.05024868142677274
d362,DE,solar,avaConv,0.07966332632317613
d363,DE,solar,avaConv,0.13780608674833858
d364,DE,solar,avaConv,0.043441817038496484
d365,DE,solar,avaConv,0.040609748941142595
d001,FR,solar,avaConv,0.0
d002,FR,solar,avaConv,0.09115312994421332
d003,FR,solar,avaConv,0.1370882437770623
d004,FR,solar,avaConv,0.16263162561762912
d005,FR,solar,avaConv,0.2448969953180727
d006,FR,solar,avaConv,0.22312081195905328
d007,FR,solar,avaConv,0.21714771821193776
d008,FR,solar,avaConv,0.10344420937746904
d009,FR,solar,avaConv,0.07848469665389791
d010,FR,solar,avaConv,0.1499935033905493
d011,FR,solar,avaConv,0.2036555762857935
d012,FR,solar,avaConv,0.10159403523600655
d013,FR,solar,avaConv,0.0706584383072906
d014,FR,solar,avaConv,0.07736277783090757
d015,FR,solar,avaConv,0.12167513120738593
d016,FR,solar,avaConv,0.1884145144075945
d017,FR,solar,avaConv,0.21763015982017653
d018,FR,solar,avaConv,0.23599174172314133
d019,FR,solar,avaConv,0.16474976022474466
d020,FR,solar,avaConv,0.15721741678272186
d021,FR,solar,avaConv,0.095099810421639
d022,FR,solar,avaConv,0.097090384000769
d023,FR,solar,avaConv,0.1259714594592997
d024,FR,solar,avaConv,0.28046885770764834
d025,FR,solar,avaConv,0.216396282167216
d026,FR,solar,avaConv,0.14017609998887695
d027,FR,solar,avaConv,0.07816586931735771
d028,FR,solar,avaConv,0.08985884366497357
d029,FR,solar,avaConv,0.1478706343513287
d030,FR,solar,avaConv,0.15548330751440725
d031,FR,solar,avaConv,0.23144051649357517
d032,FR,solar,avaConv,0.2016064609384236
d033,FR,solar,avaConv,0.1454386339370522
d034,FR,solar,avaConv,0.08360106050515041
d035,FR,solar,avaConv,0.08343231585030404
d036,FR,solar,avaConv,0.13542677010632875
d037,FR,solar,avaConv,0.1463227927449548
d038,FR,solar,avaConv,0.23005730730323165
d039,FR,solar,avaConv,0.25217586664885894
d040,FR,solar,avaConv,0.334472316216187
d041,FR,solar,avaConv,0.30091019676510883
d042,FR,solar,avaConv,0.12755723307883826
d043,FR,solar,avaConv,0.18601463551960587
d044,FR,solar,avaConv,0.4098435208650282
d045,FR,solar,avaConv,0.3771424828556674
d046,FR,solar,avaConv,0.24797928384889878
d047,FR,solar,avaConv,0.18319003812323534
d048,FR,solar,avaConv,0.10706187763086036
d049,FR,solar,avaConv,0.1221114314798997
d050,FR,solar,avaConv,0.11824641439408982
d051,FR,solar,avaConv,0.20525811373387667
d052,FR,solar,avaConv,0.13528856022713315
d053,FR,solar,avaConv,0.19018001737192822
d054,FR,solar,avaConv,0.3051735934059964
d055,FR,solar,avaConv,0.1056447712173405
d056,FR,solar,avaConv,0.11333955142910931
d057,FR,solar,avaConv,0.14970969476224416
d058,FR,solar,avaConv,0.1457580627781338
d059,FR,solar,avaConv,0.12338504450633643
d060,FR,solar,avaConv,0.15591389796581542
d061,FR,solar,avaConv,0.24696798546435722
d062,FR,solar,avaConv,0.22318926621413326
d063,FR,solar,avaConv,0.3195236818560329
d064,FR,solar,avaConv,0.2320295011810039
d065,FR,solar,avaConv,0.23266284616466074
d066,FR,solar,avaConv,0.15803864292523817
d067,FR,solar,avaConv,0.22389671501465427
d068,FR,solar,avaConv,0.21663947118139937
d069,FR,solar,avaConv,0.16611864685230185
d070,FR,solar,avaConv,0.22608921705527352
d071,FR,solar,avaConv,0.20573509217173422
d072,FR,solar,avaConv,0.34657415191592356
d073,FR,solar,avaConv,0.27262384510754123
d074,FR,solar,avaConv,0.2157401124448463
d075,FR,solar,avaConv,0.1963322667865832
d076,FR,solar,avaConv,0.21107997475164458
d077,FR,solar,avaConv,0.2406509437316511
d078,FR,solar,avaConv,0.16211428343010667
d079,FR,solar,avaConv,0.24161432602752367
d080,FR,solar,avaConv,0.41529859509069134
d081,FR,solar,avaConv,0.4330366914366599
d082,FR,solar,avaConv,0.3775992486580858
d083,FR,solar,avaConv,0.3360068081178778
d084,FR,solar,avaConv,0.1807579661403314
d085,FR,solar,avaConv,0.22093281401323442
d086,FR,solar,avaConv,0.3342028686532932
d087,FR,solar,avaConv,0.4468045797513775
d088,FR,solar,avaConv,0.3326295372464151
d089,FR,solar,avaConv,0.32042532219094594
d090,FR,solar,avaConv,0.29391752072407135
d091,FR,solar,avaConv,0.27314895837699266
d092,FR,solar,avaConv,0.27492867689650097
d093,FR,solar,avaConv,0.297176774059326
d094,FR,solar,avaConv,0.3609445590271263
d095,FR,solar,avaConv,0.31284188289577036
d096,FR,solar,avaConv,0.3284908228019557
d097,FR,solar,avaConv,0.2952111315625131
d098,FR,solar,avaConv,0.3076600365837709
d099,FR,solar,avaConv,0.214173961215449
d100,FR,solar,avaConv,0.268055878678229
d101,FR,solar,avaConv,0.24031063548535597
d102,FR,solar,avaConv,0.2833248919226353
d103,FR,solar,avaConv,0.27031667822025807
d104,FR,solar,avaConv,0.24591670704210733
d105,FR,solar,avaConv,0.3114552303883873
d106,FR,solar,avaConv,0.3020619654578926
d107,FR,solar,avaConv,0.25247851460291243
d108,FR,solar,avaConv,0.2721324622059535
d109,FR,solar,avaConv,0.28147178361658626
d110,FR,solar,avaConv,0.2016860920215976
d111,FR,solar,avaConv,0.27479208017095247
d112,FR,solar,avaConv,0.24732878160800176
d113,FR,solar,avaConv,0.27622262105173956
d114,FR,solar,avaConv,0.3195392476075065
d115,FR,solar,avaConv,0.33664308479569005
d116,FR,solar,avaConv,0.33682224724752324
d117,FR,solar,avaConv,0.2738850584218658
d118,FR,solar,avaConv,0.3059929078264214
d119,FR,solar,avaConv,0.339889937024351
d120,FR,solar,avaConv,0.30966415308284806
d121,FR,solar,avaConv,0.2523601519221546
d122,FR,solar,avaConv,0.24626688225844515
d123,FR,solar,avaConv,0.25212220411489256
d124,FR,solar,avaConv,0.3704455845397059
d125,FR,solar,avaConv,0.361235988704397
d126,FR,solar,avaConv,0.2930721225311358
d127,FR,solar,avaConv,0.3077652961793426
d128,FR,solar,avaConv,0.25855756122631723
d129,FR,solar,avaConv,0.2934499160213389
d130,FR,solar,avaConv,0.28549597944059363
d131,FR,solar,avaConv,0.3141344907726927
d132,FR,solar,avaConv,0.3396052304127236
d133,FR,solar,avaConv,0.28689595842314203
d134,FR,solar,avaConv,0.3889615682555218
d135,FR,solar,avaConv,0.2701088846772884
d136,FR,solar,avaConv,0.30849114258849936
d137,FR,solar,avaConv,0.20077466509113426
d138,FR,solar,avaConv,0.2701809322759976
d139,FR,solar,avaConv,0.4062052512436087
d140,FR,solar,avaConv,0.377662988114761
d141,FR,solar,avaConv,0.3549029967427322
d142,FR,solar,avaConv,0.3705396589081528
d143,FR,solar,avaConv,0.3798089842587777
d144,FR,solar,avaConv,0.37197236065412703
d145,FR,solar,avaConv,0.3638476749921186
d146,FR,solar,avaConv,0.34442819568355876
d147,FR,solar,avaConv,0.30508851697535716
d148,FR,solar,avaConv,0.304582107478843
d149,FR,solar,avaConv,0.3018046785662057
d150,FR,solar,avaConv,0.32101368705112104
d151,FR,solar,avaConv,0.3220234065311554
d152,FR,solar,avaConv,0.2888205165748687
d153,FR,solar,avaConv,0.2696976715670116
d154,FR,solar,avaConv,0.2708386124938309
d155,FR,solar,avaConv,0.3005799021727271
d156,FR,solar,avaConv,0.30320574472606987
d157,FR,solar,avaConv,0.28058744626552806
d158,FR,solar,avaConv,0.2767180438647327
d159,FR,solar,avaConv,0.24773517516163956
d160,FR,solar,avaConv,0.22416332367965414
d161,FR,solar,avaConv,0.26679703726525156
d162,FR,solar,avaConv,0.2776256153107702
d163,FR,solar,avaConv,0.3123165462233418
d164,FR,solar,avaConv,0.315887346197385
d165,FR,solar,avaConv,0.2967537771458903
d166,FR,solar,avaConv,0.26135413735421276
d167,FR,solar,avaConv,0.26185057674558226
d168,FR,solar,avaConv,0.2661916373239158
d169,FR,solar,avaConv,0.2737472572004103
d170,FR,solar,avaConv,0.2718462496408973
d171,FR,solar,avaConv,0.271124609275654
d172,FR,solar,avaConv,0.2669725853767475
d173,FR,solar,avaConv,0.26115042088241625
d174,FR,solar,avaConv,0.27723865212885035
d175,FR,solar,avaConv,0.2817315842882773
d176,FR,solar,avaConv,0.276710563585782
d177,FR,solar,avaConv,0.30793907303462204
d178,FR,solar,avaConv,0.31418938551748
d179,FR,solar,avaConv,0.30601437335288006
d180,FR,solar,avaConv,0.24358707686239112
d181,FR,solar,avaConv,0.3146348163534182
d182,FR,solar,avaConv,0.31994553459080494
d183,FR,solar,avaConv,0.3225727857299213
d184,FR,solar,avaConv,0.2886982669880925
d185,FR,solar,avaConv,0.29129589586846744
d186,FR,solar,avaConv,0.3076156099415493
d187,FR,solar,avaConv,0.30445533455878065
d188,FR,solar,avaConv,0.2742825911718418
d189,FR,solar,avaConv,0.2606347400433007
d190,FR,solar,avaConv,0.34680272212069974
d191,FR,solar,avaConv,0.27852956539506274
d192,FR,solar,avaConv,0.2750537049026521
d193,FR,solar,avaConv,0.29108861219128984
d194,FR,solar,avaConv,0.23645998797595635
d195,FR,solar,avaConv,0.24765096742303822
d196,FR,solar,avaConv,0.288920503626034
d197,FR,solar,avaConv,0.2368922933048006
d198,FR,solar,avaConv,0.22493771755088393
d199,FR,solar,avaConv,0.2565788112510884
d200,FR,solar,avaConv,0.26026265162138784
d201,FR,solar,avaConv,0.21367761116928038
d202,FR,solar,avaConv,0.26364443550093913
d203,FR,solar,avaConv,0.23501591577868883
d204,FR,solar,avaConv,0.3089052398636115
d205,FR,solar,avaConv,0.31520026195293954
d206,FR,solar,avaConv,0.3153756847394308
d207,FR,solar,avaConv,0.28937784323970267
d208,FR,solar,avaConv,0.3178972257542798
d209,FR,solar,avaConv,0.2954091036359524
d210,FR,solar,avaConv,0.24124458833473233
d211,FR,solar,avaConv,0.25028524522851275
d212,FR,solar,avaConv,0.29565045511996174
d213,FR,solar,avaConv,0.31569732933051353
d214,FR,solar,avaConv,0.24743558844317481
d215,FR,solar,avaConv,0.29806312158035286
d216,FR,solar,avaConv,0.2838937825490232
d217,FR,solar,avaConv,0.3029120486667985
d218,FR,solar,avaConv,0.29490356728438744
d219,FR,solar,avaConv,0.21953694379150665
d220,FR,solar,avaConv,0.21410044763586905
d221,FR,solar,avaConv,0.2207189172397605
d222,FR,solar,avaConv,0.3035738024840999
d223,FR,solar,avaConv,0.2926779030043354
d224,FR,solar,avaConv,0.28138223751335395
d225,FR,solar,avaConv,0.3327220243227625
d226,FR,solar,avaConv,0.36375709667749384
d227,FR,solar,avaConv,0.3495285825481981
d228,FR,solar,avaConv,0.31515668743809877
d229,FR,solar,avaConv,0.30387326071657567
d230,FR,solar,avaConv,0.2991527576864747
d231,FR,solar,avaConv,0.2986402656863864
d232,FR,solar,avaConv,0.3022000488178415
d233,FR,solar,avaConv,0.288952215996691
d234,FR,solar,avaConv,0.2763699513930152
d235,FR,solar,avaConv,0.260284792673299
d236,FR,solar,avaConv,0.2534278613869106
d237,FR,solar,avaConv,0.2622177260524554
d238,FR,solar,avaConv,0.26923953068291595
d239,FR,solar,avaConv,0.2832613907813727
d240,FR,solar,avaConv,0.2571062079239243
d241,FR,solar,avaConv,0.2642014571279476
d242,FR,solar,avaConv,0.2519887099076332
d243,FR,solar,avaConv,0.23052393754712275
d244,FR,solar,avaConv,0.20097235446227635
d245,FR,solar,avaConv,0.2601436855616394
d246,FR,solar,avaConv,0.2509301600277697
d247,FR,solar,avaConv,0.22920417987511388
d248,FR,solar,avaConv,0.19822182461991325
d249,FR,solar,avaConv,0.3224777279942894
d250,FR,solar,avaConv,0.346053196876448
d251,FR,solar,avaConv,0.3046611574446777
d252,FR,solar,avaConv,0.3138410023225429
d253,FR,solar,avaConv,0.2864526965612558
d254,FR,solar,avaConv,0.33853356911324034
d255,FR,solar,avaConv,0.30138138452562996
d256,FR,solar,avaConv,0.24915368495763154
d257,FR,solar,avaConv,0.2700347548963042
d258,FR,solar,avaConv,0.33840312249435434
d259,FR,solar,avaConv,0.27945521273401835
d260,FR,solar,avaConv,0.2886696510659586
d261,FR,solar,avaConv,0.2755790194559527
d262,FR,solar,avaConv,0.2711318258751511
d263,FR,solar,avaConv,0.2301373274226454
d264,FR,solar,avaConv,0.23420701660314613
d265,FR,solar,avaConv,0.2497588524160684
d266,FR,solar,avaConv,0.25263133013834
d267,FR,solar,avaConv,0.17225926462974456
d268,FR,solar,avaConv,0.20603851622669694
d269,FR,solar,avaConv,0.1757145065893296
d270,FR,solar,avaConv,0.2812169582722944
d271,FR,solar,avaConv,0.33674127128649134
d272,FR,solar,avaConv,0.3108788810544346
d273,FR,solar,avaConv,0.33438230198138796
d274,FR,solar,avaConv,0.33754901125484876
d275,FR,solar,avaConv,0.3564137622116635
d276,FR,solar,avaConv,0.3206062972256854
d277,FR,solar,avaConv,0.24408395422487736
d278,FR,solar,avaConv,0.23273785091351734
d279,FR,solar,avaConv,0.29231965809102034
d280,FR,solar,avaConv,0.2990069787123193
d281,FR,solar,avaConv,0.2906955222140366
d282,FR,solar,avaConv,0.2681910655545403
d283,FR,solar,avaConv,0.3079326908225667
d284,FR,solar,avaConv,0.32188742210202786
d285,FR,solar,avaConv,0.32032849228871896
d286,FR,solar,avaConv,0.3160958569645103
d287,FR,solar,avaConv,0.22751516732607704
d288,FR,solar,avaConv,0.22198468044021696
d289,FR,solar,avaConv,0.3024156271739007
d290,FR,solar,avaConv,0.2733104914886864
d291,FR,solar,avaConv,0.24373902620972196
d292,FR,solar,avaConv,0.1257776131419156
d293,FR,solar,avaConv,0.1501440672435377
d294,FR,solar,avaConv,0.21719160150057884
d295,FR,solar,avaConv,0.2061284720563586
d296,FR,solar,avaConv,0.2628264593394358
d297,FR,solar,avaConv,0.24610026680680216
d298,FR,solar,avaConv,0.28807291482352276
d299,FR,solar,avaConv,0.2862400101526264
d300,FR,solar,avaConv,0.23244829182377544
d301,FR,solar,avaConv,0.32793023209544137
d302,FR,solar,avaConv,0.33700441939062414
d303,FR,solar,avaConv,0.21599405578174324
d304,FR,solar,avaConv,0.22592008775050357
d305,FR,solar,avaConv,0.2631698816977488
d306,FR,solar,avaConv,0.3064455850639969
d307,FR,solar,avaConv,0.18832376179627314
d308,FR,solar,avaConv,0.15324731999254196
d309,FR,solar,avaConv,0.1586371487211283
d310,FR,solar,avaConv,0.13209466674804107
d311,FR,solar,avaConv,0.15531092072491445
d312,FR,solar,avaConv,0.12602434076211136
d313,FR,solar,avaConv,0.13645883373665144
d314,FR,solar,avaConv,0.11367087221579131
d315,FR,solar,avaConv,0.1950918775265828
d316,FR,solar,avaConv,0.23850195833128096
d317,FR,solar,avaConv,0.11517615204615347
d318,FR,solar,avaConv,0.20817597006853517
d319,FR,solar,avaConv,0.2659585681480789
d320,FR,solar,avaConv,0.3297111031295987
d321,FR,solar,avaConv,0.29888709226928484
d322,FR,solar,avaConv,0.247059940339499
d323,FR,solar,avaConv,0.15471029216606647
d324,FR,solar,avaConv,0.08559973134280731
d325,FR,solar,avaConv,0.15470948556488665
d326,FR,solar,avaConv,0.11883856600318488
d327,FR,solar,avaConv,0.1881665570998538
d328,FR,solar,avaConv,0.1318681631401509
d329,FR,solar,avaConv,0.13993088015888122
d330,FR,solar,avaConv,0.13872095884027255
d331,FR,solar,avaConv,0.1270714995670323
d332,FR,solar,avaConv,0.07221517946887417
d333,FR,solar,avaConv,0.07217803397409647
d334,FR,solar,avaConv,0.09249728910741982
d335,FR,solar,avaConv,0.12307308492137152
d336,FR,solar,avaConv,0.09884182629141619
d337,FR,solar,avaConv,0.13642946855322408
d338,FR,solar,avaConv,0.13953045065113323
d339,FR,solar,avaConv,0.09521916122596044
d340,FR,solar,avaConv,0.0982964133600033
d341,FR,solar,avaConv,0.17538867269327776
d342,FR,solar,avaConv,0.1414185197998276
d343,FR,solar,avaConv,0.15244306229017657
d344,FR,solar,avaConv,0.09697985354991046
d345,FR,solar,avaConv,0.12773748492616102
d346,FR,solar,avaConv,0.204543467434633
d347,FR,solar,avaConv,0.21930092945860055
d348,FR,solar,avaConv,0.19679561849271346
d349,FR,solar,avaConv,0.1145556423268375
d350,FR,solar,avaConv,0.07520280578191661
d351,FR,solar,avaConv,0.06414200834115787
d352,FR,solar,avaConv,0.07487505792945605
d353,FR,solar,avaConv,0.12549075912120483
d354,FR,solar,avaConv,0.08942939671447292
d355,FR,solar,avaConv,0.08740156463940645
d356,FR,solar,avaConv,0.09026805360677294
d357,FR,solar,avaConv,0.06418515118803
d358,FR,solar,avaConv,0.0895960032886432
d359,FR,solar,avaConv,0.06848465677842415
d360,FR,solar,avaConv,0.06433653173805125
d361,FR,solar,avaConv,0.12153425579460846
d362,FR,solar,avaConv,0.13681314254504948
d363,FR,solar,avaConv,0.1482237680347861
d364,FR,solar,avaConv,0.15406361311143804
d365,FR,solar,avaConv,0.12991102336718985
d001,NL,solar,avaConv,0.0
d002,NL,solar,avaConv,0.0061680570069290175
d003,NL,solar,avaConv,0.04115946409473071
d004,NL,solar,avaConv,0.12338066576261002
d005,NL,solar,avaConv,0.2412520672455195
d006,NL,solar,avaConv,0.07071840093262281
d007,NL,solar,avaConv,0.016645100184795345
d008,NL,solar,avaConv,0.027960270157745645
d009,NL,solar,avaConv,0.025884301849147553
d010,NL,solar,avaConv,0.037493613767813155
d011,NL,solar,avaConv,0.042947514499061916
d012,NL,solar,avaConv,0.07611445709543062
d013,NL,solar,avaConv,0.02714937880447792
d014,NL,solar,avaConv,0.058464635506824104
d015,NL,solar,avaConv,0.02261181005725093
d016,NL,solar,avaConv,0.15298074672572176
d017,NL,solar,avaConv,0.024656460816418046
d018,NL,solar,avaConv,0.2616306865067946
d019,NL,solar,avaConv,0.20804077598034904
d020,NL,solar,avaConv,0.04612012424107692
d021,NL,solar,avaConv,0.09557723209558794
d022,NL,solar,avaConv,0.06060499143063236
d023,NL,solar,avaConv,0.04471126273103007
d024,NL,solar,avaConv,0.22559029717288387
d025,NL,solar,avaConv,0.10208044749478037
d026,NL,solar,avaConv,0.09996827800081808
d027,NL,solar,avaConv,0.02792485183385327
d028,NL,solar,avaConv,0.1271848572034885
d029,NL,solar,avaConv,0.12389216317556227
d030,NL,solar,avaConv,0.15266795374057288
d031,NL,solar,avaConv,0.18671386054654757
d032,NL,solar,avaConv,0.04098871653051445
d033,NL,solar,avaConv,0.10509969056470103
d034,NL,solar,avaConv,0.048973914170828976
d035,NL,solar,avaConv,0.05420717283503232
d036,NL,solar,avaConv,0.051167027451303235
d037,NL,solar,avaConv,0.15927307552588774
d038,NL,solar,avaConv,0.31125122300711533
d039,NL,solar,avaConv,0.2168972359375892
d040,NL,solar,avaConv,0.03667735520971378
d041,NL,solar,avaConv,0.06959656122086531
d042,NL,solar,avaConv,0.08114343758894732
d043,NL,solar,avaConv,0.285363426031138
d044,NL,solar,avaConv,0.39046649462158967
d045,NL,solar,avaConv,0.17733501009691527
d046,NL,solar,avaConv,0.10751732674260785
d047,NL,solar,avaConv,0.034902734492088645
d048,NL,solar,avaConv,0.02516974390858908
d049,NL,solar,avaConv,0.034024134702652115
d050,NL,solar,avaConv,0.12752995768680206
d051,NL,solar,avaConv,0.04024818767474438
d052,NL,solar,avaConv,0.1262645830260648
d053,NL,solar,avaConv,0.12340375966763178
d054,NL,solar,avaConv,0.21871573723135063
d055,NL,solar,avaConv,0.04089185178984915
d056,NL,solar,avaConv,0.19331350250433665
d057,NL,solar,avaConv,0.06549013857646724
d058,NL,solar,avaConv,0.17646747303170243
d059,NL,solar,avaConv,0.05588182455788215
d060,NL,solar,avaConv,0.05622436622327131
d061,NL,solar,avaConv,0.06844439988683265
d062,NL,solar,avaConv,0.34013925330146394
d063,NL,solar,avaConv,0.10776171150488557
d064,NL,solar,avaConv,0.0908610118930472
d065,NL,solar,avaConv,0.2571822236005156
d066,NL,solar,avaConv,0.22577265021269366
d067,NL,solar,avaConv,0.11487511002499243
d068,NL,solar,avaConv,0.24987681409151133
d069,NL,solar,avaConv,0.08149049886693183
d070,NL,solar,avaConv,0.07254338033824502
d071,NL,solar,avaConv,0.11141896021800078
d072,NL,solar,avaConv,0.30135611413784685
d073,NL,solar,avaConv,0.3025473751589469
d074,NL,solar,avaConv,0.3231897071602041
d075,NL,solar,avaConv,0.22518882801402365
d076,NL,solar,avaConv,0.0838710381490538
d077,NL,solar,avaConv,0.15615783542191441
d078,NL,solar,avaConv,0.3488146541216159
d079,NL,solar,avaConv,0.4237924574678871
d080,NL,solar,avaConv,0.23410645399642685
d081,NL,solar,avaConv,0.2630773358291659
d082,NL,solar,avaConv,0.16657073973865527
d083,NL,solar,avaConv,0.38199364934999486
d084,NL,solar,avaConv,0.19591319509259444
d085,NL,solar,avaConv,0.09625172850288574
d086,NL,solar,avaConv,0.3729650314981695
d087,NL,solar,avaConv,0.4080165452678955
d088,NL,solar,avaConv,0.47210818388347636
d089,NL,solar,avaConv,0.4358815213652696
d090,NL,solar,avaConv,0.3975841998745885
d091,NL,solar,avaConv,0.26856141809604406
d092,NL,solar,avaConv,0.3129085824135127
d093,NL,solar,avaConv,0.07742765219640256
d094,NL,solar,avaConv,0.33141644632344175
d095,NL,solar,avaConv,0.273836216616567
d096,NL,solar,avaConv,0.3894797462905714
d097,NL,solar,avaConv,0.15066224411671636
d098,NL,solar,avaConv,0.42530690592372195
d099,NL,solar,avaConv,0.19244240932468895
d100,NL,solar,avaConv,0.2910461193350793
d101,NL,solar,avaConv,0.1807563638239352
d102,NL,solar,avaConv,0.2738544389467257
d103,NL,solar,avaConv,0.3445009298362756
d104,NL,solar,avaConv,0.2384556741038093
d105,NL,solar,avaConv,0.17051573460446648
d106,NL,solar,avaConv,0.2842729386166298
d107,NL,solar,avaConv,0.29372204473119096
d108,NL,solar,avaConv,0.35175269994745784
d109,NL,solar,avaConv,0.4011225950338584
d110,NL,solar,avaConv,0.3195295555285841
d111,NL,solar,avaConv,0.21813654013575628
d112,NL,solar,avaConv,0.2854978927275717
d113,NL,solar,avaConv,0.21671731714851772
d114,NL,solar,avaConv,0.30272211795259546
d115,NL,solar,avaConv,0.390867950521011
d116,NL,solar,avaConv,0.3335919378418472
d117,NL,solar,avaConv,0.36688141913101996
d118,NL,solar,avaConv,0.3311033980013661
d119,NL,solar,avaConv,0.32509804937388864
d120,NL,solar,avaConv,0.16579706586239507
d121,NL,solar,avaConv,0.3281700881607764
d122,NL,solar,avaConv,0.2899508158305405
d123,NL,solar,avaConv,0.14883997747230698
d124,NL,solar,avaConv,0.2693838151216161
d125,NL,solar,avaConv,0.4515009170273583
d126,NL,solar,avaConv,0.4127342304096745
d127,NL,solar,avaConv,0.4077808480457627
d128,NL,solar,avaConv,0.41135417977649985
d129,NL,solar,avaConv,0.4203179347367133
d130,NL,solar,avaConv,0.23900054097945703
d131,NL,solar,avaConv,0.36268282916167416
d132,NL,solar,avaConv,0.33865383352345435
d133,NL,solar,avaConv,0.34038926194725305
d134,NL,solar,avaConv,0.3724669987738332
d135,NL,solar,avaConv,0.3347799270355477
d136,NL,solar,avaConv,0.2834906060717829
d137,NL,solar,avaConv,0.1318384557310919
d138,NL,solar,avaConv,0.12344355377708861
d139,NL,solar,avaConv,0.42684814623175116
d140,NL,solar,avaConv,0.13365763560738617
d141,NL,solar,avaConv,0.21147691898152618
d142,NL,solar,avaConv,0.3544927597934692
d143,NL,solar,avaConv,0.45357325127920894
d144,NL,solar,avaConv,0.4412818355745525
d145,NL,solar,avaConv,0.4153480945222643
d146,NL,solar,avaConv,0.36658284019044723
d147,NL,solar,avaConv,0.3156665655688166
d148,NL,solar,avaConv,0.26480822846167923
d149,NL,solar,avaConv,0.3334370482415364
d150,NL,solar,avaConv,0.32724445364822935
d151,NL,solar,avaConv,0.345334264342123
d152,NL,solar,avaConv,0.33112959722336216
d153,NL,solar,avaConv,0.3354551083537079
d154,NL,solar,avaConv,0.3129946811182702
d155,NL,solar,avaConv,0.34156287152582065
d156,NL,solar,avaConv,0.356810295457984
d157,NL,solar,avaConv,0.4321104731617385
d158,NL,solar,avaConv,0.3996275503069759
d159,NL,solar,avaConv,0.2969762647298327
d160,NL,solar,avaConv,0.2521336873231699
d161,NL,solar,avaConv,0.32310498833361934
d162,NL,solar,avaConv,0.28020044381427367
d163,NL,solar,avaConv,0.3103066696980578
d164,NL,solar,avaConv,0.2584920258866866
d165,NL,solar,avaConv,0.3567107100138511
d166,NL,solar,avaConv,0.32686251096835617
d167,NL,solar,avaConv,0.29099029375951074
d168,NL,solar,avaConv,0.31750754980235135
d169,NL,solar,avaConv,0.3129889509086617
d170,NL,solar,avaConv,0.30670391564230215
d171,NL,solar,avaConv,0.2928657583356898
d172,NL,solar,avaConv,0.27501636503821275
d173,NL,solar,avaConv,0.2578942385282897
d174,NL,solar,avaConv,0.3261337531720238
d175,NL,solar,avaConv,0.28529334229214176
d176,NL,solar,avaConv,0.3025904661294018
d177,NL,solar,avaConv,0.33036334192136496
d178,NL,solar,avaConv,0.28309307024265196
d179,NL,solar,avaConv,0.2876536313099842
d180,NL,solar,avaConv,0.25892034001908354
d181,NL,solar,avaConv,0.33699273885362463
d182,NL,solar,avaConv,0.28768688105622453
d183,NL,solar,avaConv,0.32152152204915874
d184,NL,solar,avaConv,0.28711737327824466
d185,NL,solar,avaConv,0.3022466169309531
d186,NL,solar,avaConv,0.31871404221284433
d187,NL,solar,avaConv,0.31281473798814724
d188,NL,solar,avaConv,0.1958033904180362
d189,NL,solar,avaConv,0.3446260936791587
d190,NL,solar,avaConv,0.3432356752291216
d191,NL,solar,avaConv,0.23134029322693256
d192,NL,solar,avaConv,0.15405842691308796
d193,NL,solar,avaConv,0.34003647445991486
d194,NL,solar,avaConv,0.2886326984833955
d195,NL,solar,avaConv,0.3039265659330916
d196,NL,solar,avaConv,0.3540643338629476
d197,NL,solar,avaConv,0.28644189410308507
d198,NL,solar,avaConv,0.20732774685645447
d199,NL,solar,avaConv,0.25757194124892807
d200,NL,solar,avaConv,0.2611258168609169
d201,NL,solar,avaConv,0.26877733032859824
d202,NL,solar,avaConv,0.12054711028117512
d203,NL,solar,avaConv,0.22293490280719314
d204,NL,solar,avaConv,0.3344178773510984
d205,NL,solar,avaConv,0.3416036241037099
d206,NL,solar,avaConv,0.3330823446739229
d207,NL,solar,avaConv,0.21263705702082855
d208,NL,solar,avaConv,0.30465866797928043
d209,NL,solar,avaConv,0.3437881539994224
d210,NL,solar,avaConv,0.3176814131361596
d211,NL,solar,avaConv,0.22578556965903837
d212,NL,solar,avaConv,0.32641950846127277
d213,NL,solar,avaConv,0.33860948725275136
d214,NL,solar,avaConv,0.3482548530291781
d215,NL,solar,avaConv,0.308524529763721
d216,NL,solar,avaConv,0.30892942928191275
d217,NL,solar,avaConv,0.1630684770787296
d218,NL,solar,avaConv,0.2783460694845644
d219,NL,solar,avaConv,0.1910683651078531
d220,NL,solar,avaConv,0.3112820433382423
d221,NL,solar,avaConv,0.11530135036294703
d222,NL,solar,avaConv,0.3418089056315148
d223,NL,solar,avaConv,0.23397635205881906
d224,NL,solar,avaConv,0.3198239100113951
d225,NL,solar,avaConv,0.35873832886656865
d226,NL,solar,avaConv,0.34063936213994633
d227,NL,solar,avaConv,0.28087711110123265
d228,NL,solar,avaConv,0.17606719408464594
d229,NL,solar,avaConv,0.14364084189594672
d230,NL,solar,avaConv,0.32537309946534704
d231,NL,solar,avaConv,0.35346771363697554
d232,NL,solar,avaConv,0.298882538788476
d233,NL,solar,avaConv,0.33319700126592655
d234,NL,solar,avaConv,0.304368082160657
d235,NL,solar,avaConv,0.2918515421467519
d236,NL,solar,avaConv,0.2968934465720002
d237,NL,solar,avaConv,0.2982013430112118
d238,NL,solar,avaConv,0.2887106401389898
d239,NL,solar,avaConv,0.283656439875878
d240,NL,solar,avaConv,0.288244716215455
d241,NL,solar,avaConv,0.2520516773126985
d242,NL,solar,avaConv,0.3045945426728314
d243,NL,solar,avaConv,0.12698473270096286
d244,NL,solar,avaConv,0.2023967677707261
d245,NL,solar,avaConv,0.21083418902669304
d246,NL,solar,avaConv,0.12293460335479356
d247,NL,solar,avaConv,0.27400105946190884
d248,NL,solar,avaConv,0.23122464578057117
d249,NL,solar,avaConv,0.3623977071364275
d250,NL,solar,avaConv,0.08702921059002414
d251,NL,solar,avaConv,0.14068729194043217
d252,NL,solar,avaConv,0.25816019397540146
d253,NL,solar,avaConv,0.0731673165741839
d254,NL,solar,avaConv,0.2926893064673239
d255,NL,solar,avaConv,0.3165820956223837
d256,NL,solar,avaConv,0.29017470834028775
d257,NL,solar,avaConv,0.3035645669906696
d258,NL,solar,avaConv,0.313077576341997
d259,NL,solar,avaConv,0.2635214121425192
d260,NL,solar,avaConv,0.1539236229798333
d261,NL,solar,avaConv,0.27231703004888863
d262,NL,solar,avaConv,0.2992427803196445
d263,NL,solar,avaConv,0.29972053064658427
d264,NL,solar,avaConv,0.2620417703284251
d265,NL,solar,avaConv,0.22597733130467362
d266,NL,solar,avaConv,0.1496193431649094
d267,NL,solar,avaConv,0.1771200761193467
d268,NL,solar,avaConv,0.12930664855456897
d269,NL,solar,avaConv,0.08117660868797592
d270,NL,solar,avaConv,0.19055713956787457
d271,NL,solar,avaConv,0.1779319890606535
d272,NL,solar,avaConv,0.06971138292836118
d273,NL,solar,avaConv,0.08604264046983935
d274,NL,solar,avaConv,0.21945766540796205
d275,NL,solar,avaConv,0.31228312891624566
d276,NL,solar,avaConv,0.15997465931739946
d277,NL,solar,avaConv,0.10430456019270777
d278,NL,solar,avaConv,0.34589942784605276
d279,NL,solar,avaConv,0.32738551642174685
d280,NL,solar,avaConv,0.31600763796827747
d281,NL,solar,avaConv,0.30493874392848314
d282,NL,solar,avaConv,0.31163085867326995
d283,NL,solar,avaConv,0.3085935426903906
d284,NL,solar,avaConv,0.2958040431819254
d285,NL,solar,avaConv,0.27815683709435723
d286,NL,solar,avaConv,0.2683786646100812
d287,NL,solar,avaConv,0.03305039480445917
d288,NL,solar,avaConv,0.24017282183229208
d289,NL,solar,avaConv,0.32263375655909426
d290,NL,solar,avaConv,0.3195214919068381
d291,NL,solar,avaConv,0.27675163211554843
d292,NL,solar,avaConv,0.08066396730489883
d293,NL,solar,avaConv,0.16109016377271604
d294,NL,solar,avaConv,0.2587226965367033
d295,NL,solar,avaConv,0.09358540215706136
d296,NL,solar,avaConv,0.19659308438572595
d297,NL,solar,avaConv,0.22922961163034072
d298,NL,solar,avaConv,0.29969290082024697
d299,NL,solar,avaConv,0.13947764157560757
d300,NL,solar,avaConv,0.27610078860015036
d301,NL,solar,avaConv,0.3062348616094964
d302,NL,solar,avaConv,0.3520285140766984
d303,NL,solar,avaConv,0.281393031063566
d304,NL,solar,avaConv,0.07800579713779865
d305,NL,solar,avaConv,0.19118249051966024
d306,NL,solar,avaConv,0.2667029966021932
d307,NL,solar,avaConv,0.31220200647561397
d308,NL,solar,avaConv,0.16253361066081426
d309,NL,solar,avaConv,0.18519041236795886
d310,NL,solar,avaConv,0.10816524538407765
d311,NL,solar,avaConv,0.054125010261134074
d312,NL,solar,avaConv,0.06706637888669195
d313,NL,solar,avaConv,0.018818097846593548
d314,NL,solar,avaConv,0.07860322152373912
d315,NL,solar,avaConv,0.115027374504426
d316,NL,solar,avaConv,0.12604158497308082
d317,NL,solar,avaConv,0.11661888058984614
d318,NL,solar,avaConv,0.12292115029048242
d319,NL,solar,avaConv,0.19044602838499206
d320,NL,solar,avaConv,0.17945292514862834
d321,NL,solar,avaConv,0.3246964227995516
d322,NL,solar,avaConv,0.33160887337232875
d323,NL,solar,avaConv,0.3001783151375346
d324,NL,solar,avaConv,0.11597284793607585
d325,NL,solar,avaConv,0.06709645471835723
d326,NL,solar,avaConv,0.23528449993712694
d327,NL,solar,avaConv,0.13181402407154755
d328,NL,solar,avaConv,0.09760884816592676
d329,NL,solar,avaConv,0.034749697824686024
d330,NL,solar,avaConv,0.13738164829683833
d331,NL,solar,avaConv,0.13408999826928816
d332,NL,solar,avaConv,0.0232650435042582
d333,NL,solar,avaConv,0.024866043191241857
d334,NL,solar,avaConv,0.06004254574164463
d335,NL,solar,avaConv,0.12251809233548645
d336,NL,solar,avaConv,0.06526524316522853
d337,NL,solar,avaConv,0.025161204869053603
d338,NL,solar,avaConv,0.027254046098062038
d339,NL,solar,avaConv,0.06618395442898699
d340,NL,solar,avaConv,0.047463747452705006
d341,NL,solar,avaConv,0.021612035394866117
d342,NL,solar,avaConv,0.04024134808580281
d343,NL,solar,avaConv,0.030426436794852164
d344,NL,solar,avaConv,0.027180384511389835
d345,NL,solar,avaConv,0.035025453914767
d346,NL,solar,avaConv,0.06718937282665993
d347,NL,solar,avaConv,0.11554556129168002
d348,NL,solar,avaConv,0.1784160341995326
d349,NL,solar,avaConv,0.18754107706566164
d350,NL,solar,avaConv,0.032003834594853536
d351,NL,solar,avaConv,0.03736649617810684
d352,NL,solar,avaConv,0.055457251459775356
d353,NL,solar,avaConv,0.03330974237471821
d354,NL,solar,avaConv,0.10995133785427798
d355,NL,solar,avaConv,0.08735549181878115
d356,NL,solar,avaConv,0.07221304200647975
d357,NL,solar,avaConv,0.025277552914693257
d358,NL,solar,avaConv,0.05387079876492016
d359,NL,solar,avaConv,0.026331678435959086
d360,NL,solar,avaConv,0.024921364350625096
d361,NL,solar,avaConv,0.04687545229926109
d362,NL,solar,avaConv,0.0874079643653377
d363,NL,solar,avaConv,0.10258288730892334
d364,NL,solar,avaConv,0.13683791372887882
d365,NL,solar,avaConv,0.021188714703274332
